Academic,Programming,Communication,Analytical,Interest,Personality,Career
0.9,0.2,0.1,0.5,1,0,Graphic Designer
0.58,0.2,0.9,0.2,3,0,Software Engineer
0.55,0.4,0.4,0.9,0,0,Product Manager
0.91,0.9,0.7,0.4,3,1,Software Engineer
0.98,0.3,0.7,0.6,2,0,Data Scientist
0.98,0.6,0.2,0.2,3,0,Business Analyst
0.72,1.0,0.5,0.1,3,0,Graphic Designer
0.55,0.9,0.5,1.0,2,0,Product Manager
0.54,0.1,0.4,0.5,0,0,Software Engineer
0.74,0.5,0.8,0.6,1,1,Graphic Designer
0.72,0.4,0.5,0.2,1,0,Graphic Designer
0.6,0.8,0.7,0.5,1,1,Graphic Designer
0.99,0.1,0.4,0.1,2,1,Business Analyst
0.54,0.4,1.0,0.6,1,1,Graphic Designer
0.75,0.8,0.3,0.5,1,0,Graphic Designer
0.97,0.9,0.9,0.5,3,1,HR Manager
0.73,0.4,0.3,0.9,3,0,Data Scientist
0.98,0.1,0.2,0.3,1,1,Graphic Designer
0.88,0.2,0.7,0.7,3,1,Data Scientist
0.85,0.1,0.2,0.9,2,1,Software Engineer
0.68,0.7,0.3,0.8,0,1,Software Engineer
0.82,0.3,0.9,0.2,2,0,Data Scientist
0.73,0.3,0.9,0.9,0,1,HR Manager
0.81,0.1,0.2,0.6,2,0,Software Engineer
0.65,1.0,0.2,0.2,3,0,HR Manager
0.99,0.3,0.3,0.8,1,1,Graphic Designer
0.83,1.0,0.7,0.4,1,1,Graphic Designer
0.75,0.6,0.8,0.9,3,0,Data Scientist
0.65,0.4,0.2,0.6,0,0,HR Manager
0.64,0.1,0.2,0.1,1,0,Graphic Designer
0.52,0.6,0.2,0.9,1,1,Graphic Designer
0.92,0.8,0.4,0.9,1,1,Graphic Designer
0.65,0.8,0.7,0.4,0,0,Software Engineer
0.92,0.7,0.6,0.7,3,1,Data Scientist
0.96,0.1,0.2,0.1,3,1,Software Engineer
0.65,0.4,0.4,0.9,3,0,Data Scientist
0.77,0.3,0.5,0.8,1,0,Graphic Designer
0.78,0.9,0.2,0.1,0,0,Software Engineer
0.98,0.4,0.3,0.7,3,1,Data Scientist
0.63,0.7,0.1,0.3,3,0,Graphic Designer
0.66,0.8,0.5,0.7,3,0,Data Scientist
0.62,0.5,0.4,0.1,0,1,Software Engineer
0.53,1.0,0.8,0.9,1,0,Graphic Designer
0.82,0.2,0.3,0.2,0,0,Graphic Designer
0.57,1.0,0.4,1.0,0,0,Software Engineer
0.76,1.0,1.0,0.9,2,1,Product Manager
0.63,0.6,0.4,0.5,3,0,Product Manager
0.91,0.5,0.8,0.6,0,0,Graphic Designer
0.89,1.0,0.2,0.2,1,1,Graphic Designer
0.58,0.6,0.2,0.4,2,1,Data Scientist
0.78,0.9,0.5,1.0,0,1,Software Engineer
0.92,0.2,0.3,0.5,0,0,Product Manager
0.85,0.3,0.5,0.5,1,1,Graphic Designer
0.63,0.5,0.9,0.8,2,0,Business Analyst
0.55,0.7,0.5,0.1,0,1,Software Engineer
0.99,0.3,0.5,0.3,3,1,HR Manager
0.5,0.2,0.2,0.3,0,1,HR Manager
0.85,0.3,0.7,0.3,0,1,Business Analyst
1.0,0.1,0.6,0.4,1,0,Graphic Designer
0.72,0.9,0.7,1.0,1,0,Graphic Designer
0.6,0.3,0.7,0.1,1,1,Graphic Designer
1.0,0.7,0.4,0.5,1,0,Graphic Designer
0.74,0.1,0.8,0.4,1,1,Graphic Designer
0.72,0.5,0.4,0.4,0,0,Graphic Designer
0.71,0.5,0.2,0.5,2,1,Product Manager
0.84,0.6,0.1,0.2,2,0,HR Manager
0.66,0.1,0.2,1.0,3,1,Data Scientist
0.96,0.6,0.7,1.0,0,1,Business Analyst
0.86,0.4,0.5,0.1,3,0,HR Manager
0.84,0.4,0.6,0.7,0,1,Business Analyst
0.89,0.6,0.2,0.5,2,1,Business Analyst
0.75,0.5,0.9,0.3,1,1,Graphic Designer
0.92,0.7,0.3,1.0,2,1,HR Manager
0.5,0.5,0.5,0.4,3,1,Graphic Designer
0.78,0.8,0.4,0.9,3,0,Data Scientist
0.92,0.2,0.5,0.9,2,0,Data Scientist
0.93,0.5,0.4,0.4,1,0,Graphic Designer
0.52,0.4,0.8,1.0,0,1,HR Manager
0.76,1.0,0.4,0.7,3,1,Data Scientist
0.65,0.3,0.1,0.2,3,0,Data Scientist
0.94,0.9,0.8,0.1,1,0,Graphic Designer
0.79,0.3,0.8,0.9,2,1,Product Manager
0.89,0.9,0.7,0.9,3,0,Data Scientist
0.97,0.8,0.8,0.5,1,1,Graphic Designer
0.99,0.9,0.8,0.4,2,1,Product Manager
0.54,0.5,0.4,0.5,2,1,HR Manager
0.55,0.3,0.3,0.4,3,0,Product Manager
0.63,0.2,0.7,0.7,2,1,Product Manager
0.76,0.1,0.4,0.7,3,0,Data Scientist
0.98,1.0,0.7,0.8,0,1,Software Engineer
0.69,0.7,0.7,0.9,1,1,Graphic Designer
0.64,0.5,0.7,0.8,0,1,Business Analyst
0.71,0.7,0.3,0.8,1,0,Graphic Designer
0.75,1.0,1.0,0.1,0,1,Software Engineer
0.58,0.8,0.3,0.1,2,1,Business Analyst
0.63,0.8,0.6,0.6,3,1,Graphic Designer
0.66,0.2,0.8,0.1,0,1,HR Manager
0.64,0.2,0.1,0.1,1,0,Graphic Designer
0.51,1.0,0.3,0.4,1,1,Graphic Designer
0.92,0.2,1.0,0.4,3,1,HR Manager
0.99,0.6,0.3,1.0,0,0,Business Analyst
0.56,1.0,0.1,0.5,3,1,Product Manager
0.62,0.2,1.0,0.4,0,1,HR Manager
0.93,1.0,0.2,1.0,0,1,Software Engineer
0.84,0.7,0.6,0.2,2,0,Graphic Designer
0.81,0.2,0.7,0.6,3,0,Graphic Designer
0.61,0.9,0.5,1.0,3,1,Data Scientist
0.77,1.0,0.5,0.6,1,0,Graphic Designer
0.67,0.8,0.4,0.8,3,1,Data Scientist
0.51,0.8,0.6,0.3,3,0,Business Analyst
0.66,0.6,0.5,1.0,2,0,HR Manager
0.62,0.2,0.4,0.7,3,0,Data Scientist
0.94,0.8,0.8,0.8,0,0,Software Engineer
0.68,0.4,0.7,0.4,2,1,Product Manager
0.8,0.9,0.9,0.6,3,1,HR Manager
0.72,0.8,0.5,0.5,2,0,Software Engineer
0.96,0.4,0.6,0.2,1,0,Graphic Designer
0.63,0.8,0.5,1.0,2,0,Data Scientist
0.68,0.4,0.6,0.3,2,0,Product Manager
0.84,0.3,0.5,0.1,0,1,Product Manager
0.58,0.8,0.2,0.1,2,1,Graphic Designer
0.78,0.6,0.3,0.1,2,1,Software Engineer
0.54,0.7,0.8,0.2,0,0,Software Engineer
0.59,1.0,0.5,0.2,1,0,Graphic Designer
0.85,0.7,1.0,1.0,1,1,Graphic Designer
0.78,0.8,0.5,1.0,3,1,Data Scientist
0.86,1.0,0.1,1.0,0,0,Software Engineer
0.9,0.4,0.5,0.2,1,0,Graphic Designer
0.61,0.9,0.2,0.3,0,1,Software Engineer
0.78,1.0,0.8,0.5,0,0,Software Engineer
0.68,0.5,0.8,0.2,1,1,Graphic Designer
1.0,1.0,0.4,0.7,0,0,Software Engineer
0.91,0.3,0.5,0.3,0,0,Data Scientist
1.0,0.5,1.0,1.0,2,1,Product Manager
0.57,0.8,0.5,0.7,2,1,Graphic Designer
0.55,1.0,0.1,0.7,2,1,Software Engineer
0.55,0.4,1.0,1.0,0,1,HR Manager
0.86,0.1,0.3,0.8,3,1,Data Scientist
0.61,1.0,0.7,0.8,0,1,Software Engineer
0.72,0.7,0.6,0.6,0,0,Software Engineer
0.71,0.7,0.8,0.5,3,0,Graphic Designer
0.55,0.6,0.5,0.6,0,1,HR Manager
0.5,0.9,0.8,0.7,0,0,Software Engineer
0.83,0.6,1.0,0.8,3,0,Data Scientist
0.63,0.5,0.9,0.3,2,1,Product Manager
0.94,0.8,0.2,0.1,1,0,Graphic Designer
0.69,0.9,0.1,0.9,3,0,Data Scientist
0.64,0.2,0.8,0.2,1,1,Graphic Designer
0.95,0.5,0.9,0.5,3,1,HR Manager
0.8,0.4,0.8,0.9,1,1,Graphic Designer
0.62,1.0,0.9,0.3,0,1,Software Engineer
0.99,0.7,0.6,0.9,2,0,Business Analyst
0.68,0.5,1.0,1.0,3,0,Data Scientist
0.78,0.9,0.8,0.6,2,1,Product Manager
0.79,0.6,0.4,0.4,3,0,Graphic Designer
0.52,0.6,0.8,0.7,3,0,Data Scientist
0.81,0.1,0.3,0.9,2,0,Graphic Designer
0.56,0.9,0.8,0.1,1,1,Graphic Designer
0.91,0.3,0.2,0.8,2,1,HR Manager
0.94,0.7,0.2,0.6,3,1,Product Manager
0.95,0.8,0.9,0.1,0,0,Software Engineer
0.9,0.5,0.4,0.2,3,0,Product Manager
0.95,0.2,0.8,0.3,2,0,Software Engineer
0.7,0.1,0.5,0.6,2,1,Data Scientist
0.65,0.9,0.7,1.0,1,0,Graphic Designer
0.61,0.2,1.0,0.7,1,1,Graphic Designer
0.87,0.3,0.4,0.8,2,1,Business Analyst
0.92,0.1,0.8,0.5,1,0,Graphic Designer
0.78,0.6,1.0,0.5,3,1,HR Manager
0.79,0.5,0.4,0.7,3,0,Data Scientist
0.65,0.7,1.0,0.6,2,1,Product Manager
0.51,0.7,0.5,0.1,0,1,Software Engineer
0.68,0.4,1.0,0.6,1,0,Graphic Designer
0.89,0.5,0.3,0.2,0,1,Graphic Designer
0.52,1.0,0.6,0.3,0,1,Software Engineer
0.7,0.7,0.3,0.4,1,1,Graphic Designer
0.83,0.9,0.5,0.3,2,1,Business Analyst
0.97,0.6,0.2,0.8,0,0,Data Scientist
0.93,0.7,0.9,0.6,0,1,Software Engineer
0.5,0.5,0.9,0.2,3,1,HR Manager
0.93,0.5,1.0,0.7,2,0,Business Analyst
0.93,0.4,0.8,0.1,2,0,Product Manager
0.54,0.8,0.5,0.7,0,0,Software Engineer
0.52,0.1,0.5,0.8,0,0,Data Scientist
0.84,0.3,0.7,0.8,2,1,Product Manager
0.87,0.3,0.7,0.2,3,1,Business Analyst
0.52,0.6,0.4,0.8,3,0,Data Scientist
0.73,0.2,0.6,0.9,2,0,Business Analyst
0.75,0.5,0.4,0.2,3,0,Product Manager
0.63,1.0,0.1,0.1,2,0,Data Scientist
1.0,1.0,0.4,0.2,1,0,Graphic Designer
0.64,0.6,0.3,1.0,0,1,Data Scientist
0.58,0.9,0.5,0.3,0,0,Software Engineer
0.58,0.1,0.6,0.4,2,0,Data Scientist
0.66,0.1,0.3,0.7,0,0,Graphic Designer
0.78,0.6,0.9,1.0,0,1,HR Manager
0.82,0.4,1.0,0.1,2,1,Product Manager
0.91,0.1,0.1,0.8,3,1,Data Scientist
0.93,0.2,0.8,0.8,0,0,Business Analyst
0.7,1.0,0.3,0.2,1,1,Graphic Designer
0.89,1.0,0.9,0.6,3,1,HR Manager
0.79,0.9,1.0,0.7,0,0,Software Engineer
0.91,0.9,0.4,0.7,3,0,Data Scientist
0.76,0.6,0.8,0.7,3,0,Data Scientist
0.7,0.7,0.6,0.5,2,0,Product Manager
0.8,0.2,0.2,0.2,0,1,Software Engineer
0.97,0.6,0.3,0.9,0,1,Product Manager
0.57,0.7,0.6,0.7,0,1,Software Engineer
0.88,0.5,0.6,0.2,1,0,Graphic Designer
0.92,0.8,0.4,0.2,2,1,Software Engineer
0.98,0.5,1.0,0.4,3,0,HR Manager
0.92,0.5,0.1,0.3,2,1,Business Analyst
0.72,0.1,0.3,0.3,3,0,Data Scientist
0.97,0.1,0.2,0.9,1,1,Graphic Designer
0.76,0.8,0.6,0.3,2,1,Product Manager
0.7,1.0,1.0,0.2,0,0,Software Engineer
0.6,1.0,0.1,0.2,2,1,Product Manager
0.77,0.8,1.0,0.8,3,1,Data Scientist
0.63,0.9,0.2,0.6,3,0,Business Analyst
0.93,1.0,0.8,0.9,2,0,Business Analyst
0.64,0.7,1.0,0.1,0,0,Software Engineer
0.69,0.4,0.3,0.5,2,1,Software Engineer
0.5,0.8,0.7,0.3,1,1,Graphic Designer
0.84,0.4,0.9,0.9,2,0,Business Analyst
0.75,0.1,0.7,0.1,3,0,Business Analyst
0.86,0.7,1.0,0.7,3,1,Data Scientist
0.57,0.7,0.1,0.6,1,1,Graphic Designer
0.94,0.6,0.2,0.7,0,0,Graphic Designer
0.87,0.7,0.9,0.2,3,1,HR Manager
0.97,0.6,0.4,0.6,1,0,Graphic Designer
0.82,0.2,0.9,0.9,1,1,Graphic Designer
0.72,0.3,0.4,0.2,1,1,Graphic Designer
0.62,0.3,1.0,0.3,0,0,Product Manager
0.81,0.8,1.0,1.0,3,1,Data Scientist
0.9,0.6,0.3,0.8,0,1,Graphic Designer
0.9,0.5,0.5,1.0,0,1,HR Manager
0.54,0.5,0.8,0.8,0,0,Business Analyst
0.73,0.5,0.2,0.2,3,1,HR Manager
0.85,0.1,0.8,1.0,1,1,Graphic Designer
0.88,0.8,0.9,0.3,0,1,Software Engineer
0.56,0.6,0.2,0.9,1,0,Graphic Designer
0.65,0.8,0.8,0.9,1,1,Graphic Designer
0.73,0.5,0.7,0.7,2,0,Business Analyst
1.0,0.6,0.2,0.6,0,1,Business Analyst
0.66,1.0,0.3,0.6,0,0,Software Engineer
0.72,0.5,0.7,0.3,0,1,HR Manager
0.74,0.6,0.3,0.9,0,1,HR Manager
0.73,0.1,0.6,0.5,1,0,Graphic Designer
0.71,0.8,0.4,0.4,1,0,Graphic Designer
0.54,0.5,0.2,0.9,0,1,HR Manager
0.58,1.0,0.7,0.3,1,0,Graphic Designer
0.94,1.0,0.3,0.8,0,1,Software Engineer
0.73,0.4,0.8,1.0,2,1,Product Manager
0.64,0.9,0.4,0.5,3,0,Business Analyst
0.93,1.0,0.8,0.8,2,1,Product Manager
0.82,0.9,0.7,0.3,1,0,Graphic Designer
0.66,0.1,0.8,0.6,0,0,Business Analyst
0.55,0.3,0.5,0.8,1,1,Graphic Designer
0.55,0.4,0.8,0.6,0,1,HR Manager
0.53,0.7,0.9,0.6,1,1,Graphic Designer
0.55,0.6,0.4,0.1,2,0,Product Manager
0.91,0.6,0.3,0.3,0,1,Graphic Designer
0.94,0.3,0.8,0.8,0,0,Business Analyst
0.51,0.5,0.4,0.3,3,0,Business Analyst
0.65,0.5,0.2,0.1,1,1,Graphic Designer
0.9,1.0,0.8,0.2,0,1,Software Engineer
0.88,0.9,0.1,0.9,1,0,Graphic Designer
0.68,0.7,0.1,1.0,2,0,HR Manager
0.76,0.3,0.2,0.9,2,0,HR Manager
0.84,0.9,0.9,0.9,0,1,Software Engineer
0.8,0.1,0.7,0.6,2,0,Business Analyst
1.0,0.2,0.6,0.4,0,1,Data Scientist
0.52,0.6,0.9,0.6,1,1,Graphic Designer
0.94,0.8,0.3,0.3,0,1,Software Engineer
0.52,0.5,0.4,0.1,1,0,Graphic Designer
0.7,0.5,0.9,0.7,3,1,Data Scientist
0.52,0.4,0.5,0.6,0,1,Business Analyst
0.57,0.6,0.7,0.7,3,1,Data Scientist
0.71,0.3,0.8,0.8,2,1,Product Manager
0.55,0.7,0.2,0.7,1,1,Graphic Designer
0.7,0.2,0.2,0.6,2,1,Graphic Designer
0.88,0.7,0.3,0.8,2,1,Software Engineer
0.96,0.6,1.0,0.7,2,0,Business Analyst
0.54,0.7,0.6,0.9,1,0,Graphic Designer
0.59,1.0,0.8,0.1,1,0,Graphic Designer
0.65,0.6,0.6,0.7,0,0,Business Analyst
0.93,0.8,0.6,0.6,3,0,HR Manager
0.58,0.9,0.6,0.7,2,1,Business Analyst
0.65,0.2,0.1,0.3,3,1,HR Manager
0.57,0.5,0.5,0.8,1,1,Graphic Designer
0.94,0.8,0.4,0.2,1,0,Graphic Designer
0.78,0.3,0.8,0.2,2,1,Product Manager
0.95,0.2,0.9,0.9,2,1,Product Manager
0.6,0.3,0.6,0.9,1,0,Graphic Designer
0.62,0.3,0.4,0.8,0,1,HR Manager
0.86,0.6,0.8,0.9,1,0,Graphic Designer
0.54,0.5,0.7,0.8,3,1,Data Scientist
0.86,0.2,0.3,0.6,0,1,Graphic Designer
0.93,0.9,0.6,0.3,1,0,Graphic Designer
0.77,0.9,0.1,0.2,1,1,Graphic Designer
0.6,0.3,0.6,0.4,2,1,Software Engineer
0.66,0.4,0.9,0.5,1,1,Graphic Designer
0.89,0.9,0.2,0.9,1,0,Graphic Designer
0.6,1.0,1.0,0.6,0,0,Software Engineer
0.55,0.1,1.0,0.5,1,1,Graphic Designer
0.89,0.1,0.8,0.9,2,1,Product Manager
0.8,0.4,0.7,0.5,3,0,Product Manager
0.53,0.3,0.8,0.7,3,1,Data Scientist
0.63,0.6,1.0,0.3,2,1,Product Manager
0.96,0.6,0.7,0.3,2,0,Business Analyst
0.65,0.8,0.2,0.5,3,0,Data Scientist
0.56,0.1,0.5,0.7,3,0,Data Scientist
0.6,0.6,1.0,0.6,1,0,Graphic Designer
0.81,0.9,0.8,0.8,2,1,Product Manager
0.51,0.2,0.7,0.9,3,0,Data Scientist
0.63,1.0,0.6,0.1,0,1,Software Engineer
0.81,1.0,0.8,0.5,0,0,Software Engineer
0.77,0.3,0.5,0.6,3,1,Software Engineer
0.75,0.1,1.0,0.9,1,1,Graphic Designer
0.85,0.5,0.2,0.7,3,1,Data Scientist
0.89,1.0,0.2,0.3,0,1,Software Engineer
0.73,0.6,0.9,0.6,1,0,Graphic Designer
0.88,0.9,0.7,0.9,0,0,Software Engineer
0.52,0.3,0.6,0.8,3,0,Data Scientist
0.88,0.9,0.3,0.6,2,0,Graphic Designer
0.89,0.5,1.0,0.6,3,1,HR Manager
0.8,0.1,0.6,0.6,0,1,HR Manager
0.69,0.1,1.0,0.8,2,0,Business Analyst
0.96,0.1,1.0,0.8,1,1,Graphic Designer
0.59,0.4,0.1,1.0,0,0,Software Engineer
0.78,0.6,0.7,0.3,3,0,Graphic Designer
0.82,1.0,0.8,0.1,1,0,Graphic Designer
0.85,0.6,0.8,0.9,3,1,Data Scientist
0.61,0.8,0.9,0.6,2,1,Product Manager
0.89,0.8,0.4,0.4,2,1,Data Scientist
0.69,0.5,0.4,0.8,2,1,Business Analyst
0.85,0.5,0.5,0.2,3,1,Business Analyst
0.99,0.3,0.5,0.1,2,0,Business Analyst
0.78,0.5,0.8,0.4,1,1,Graphic Designer
0.85,0.5,0.3,0.2,1,0,Graphic Designer
0.53,0.9,0.4,0.4,0,0,Software Engineer
0.76,0.6,0.8,0.2,1,0,Graphic Designer
0.85,0.3,0.7,0.8,3,0,Data Scientist
0.98,0.5,0.6,0.5,0,0,Product Manager
0.86,0.4,0.9,0.1,1,1,Graphic Designer
0.61,0.1,0.7,0.8,1,1,Graphic Designer
0.52,0.1,0.5,1.0,0,1,Business Analyst
0.79,0.9,0.9,0.8,1,1,Graphic Designer
0.67,0.4,0.2,0.6,1,1,Graphic Designer
0.91,0.5,0.3,0.1,2,1,HR Manager
0.93,0.4,0.3,1.0,3,1,Data Scientist
0.82,0.6,0.2,0.7,0,0,Data Scientist
0.8,0.6,0.4,0.1,2,1,Data Scientist
0.78,0.5,0.6,0.5,0,1,Product Manager
0.73,0.4,0.1,0.2,3,1,Data Scientist
0.75,0.9,0.5,0.2,2,1,HR Manager
0.64,0.4,0.3,0.8,1,1,Graphic Designer
0.97,1.0,0.6,0.7,3,0,Data Scientist
0.98,0.4,1.0,0.2,3,1,HR Manager
0.54,1.0,0.2,0.1,1,0,Graphic Designer
0.6,0.6,0.9,0.8,0,0,Business Analyst
0.95,1.0,0.8,0.2,3,0,Graphic Designer
0.58,0.9,0.7,0.8,0,1,Software Engineer
0.93,0.5,0.1,0.7,2,0,Product Manager
0.63,1.0,0.2,0.1,3,1,Product Manager
0.54,0.9,0.1,0.2,3,0,Business Analyst
0.76,0.3,0.3,0.7,2,1,Graphic Designer
0.74,0.7,0.2,0.9,1,1,Graphic Designer
0.57,0.3,0.9,0.7,1,0,Graphic Designer
0.5,0.1,0.5,0.8,3,1,Data Scientist
0.64,0.4,0.8,0.6,1,1,Graphic Designer
0.62,0.2,0.1,0.7,0,0,Data Scientist
0.54,0.2,1.0,0.1,3,0,Data Scientist
0.97,0.1,0.7,0.8,1,0,Graphic Designer
0.98,0.1,0.3,0.9,2,0,Product Manager
0.86,0.6,1.0,1.0,2,0,Business Analyst
0.69,0.3,0.9,0.4,3,1,HR Manager
0.67,0.1,0.9,1.0,1,1,Graphic Designer
0.85,0.8,0.1,0.6,3,1,Product Manager
0.76,0.7,0.3,0.5,3,0,HR Manager
0.8,0.4,0.4,0.5,1,1,Graphic Designer
0.53,0.9,0.7,0.7,1,1,Graphic Designer
0.65,0.5,0.4,0.6,0,1,Business Analyst
0.55,0.9,0.4,0.1,2,1,Product Manager
0.88,1.0,0.1,0.2,1,0,Graphic Designer
0.8,0.4,0.6,0.5,0,0,Data Scientist
0.97,0.2,0.8,0.4,1,1,Graphic Designer
0.65,0.9,0.6,0.5,3,1,HR Manager
0.91,0.6,0.5,0.5,2,1,Graphic Designer
0.56,0.8,0.6,0.4,2,1,Graphic Designer
0.52,1.0,0.4,0.3,0,1,Software Engineer
0.85,1.0,1.0,0.7,2,0,Business Analyst
0.62,0.6,0.4,0.7,1,1,Graphic Designer
0.85,0.6,0.5,0.8,3,1,Data Scientist
0.6,0.6,0.3,0.3,3,0,HR Manager
0.91,0.1,0.9,0.1,0,0,Software Engineer
0.76,0.3,0.4,0.2,1,0,Graphic Designer
0.63,0.9,0.8,0.6,0,1,Software Engineer
0.92,0.8,0.1,0.1,3,0,Software Engineer
0.83,0.5,0.9,0.5,0,1,HR Manager
0.61,0.2,0.2,0.9,1,0,Graphic Designer
0.62,1.0,0.9,0.5,2,1,Product Manager
1.0,0.7,0.2,0.6,3,1,HR Manager
0.65,0.4,0.5,0.2,0,0,Graphic Designer
0.74,0.7,0.9,0.8,0,0,Software Engineer
0.94,0.3,0.2,0.8,3,1,Data Scientist
0.86,0.2,0.9,0.1,1,0,Graphic Designer
0.94,1.0,0.8,0.5,0,0,Software Engineer
0.93,0.5,0.9,1.0,0,0,Business Analyst
0.7,0.1,0.4,1.0,1,1,Graphic Designer
0.54,0.5,0.3,1.0,1,1,Graphic Designer
0.93,0.9,0.6,0.7,1,0,Graphic Designer
0.82,0.6,0.1,0.2,3,0,Software Engineer
0.71,1.0,1.0,1.0,3,1,Data Scientist
0.51,0.5,0.8,0.8,1,1,Graphic Designer
0.85,0.7,0.7,0.3,3,0,HR Manager
0.68,0.4,0.2,0.2,2,0,Graphic Designer
0.95,0.3,0.7,0.6,2,0,Software Engineer
0.5,0.5,0.8,0.6,2,0,Data Scientist
0.55,0.3,0.7,0.8,3,0,Data Scientist
0.51,0.2,0.6,0.9,0,1,Business Analyst
0.74,0.1,0.5,0.7,3,0,Data Scientist
0.96,0.9,0.4,1.0,1,1,Graphic Designer
0.6,0.3,0.5,0.5,2,1,Data Scientist
0.54,0.3,0.7,0.5,3,1,Graphic Designer
1.0,0.2,0.6,0.5,1,1,Graphic Designer
0.88,1.0,0.4,0.8,0,0,Software Engineer
0.69,0.1,0.7,0.6,3,1,Graphic Designer
0.71,0.7,1.0,0.3,2,1,Product Manager
0.88,0.4,0.8,0.6,1,1,Graphic Designer
0.7,0.5,0.8,1.0,1,1,Graphic Designer
0.74,0.5,0.7,0.6,0,0,HR Manager
0.84,0.3,0.9,0.1,3,0,Graphic Designer
0.68,0.2,0.7,0.8,1,1,Graphic Designer
0.65,0.5,0.3,0.7,3,0,Data Scientist
0.78,1.0,0.8,1.0,3,1,Data Scientist
0.84,0.1,0.6,0.9,0,0,Business Analyst
0.99,0.4,0.6,0.3,0,1,Business Analyst
1.0,0.7,0.2,0.1,0,1,Software Engineer
0.64,0.9,0.9,0.9,1,1,Graphic Designer
0.73,0.7,0.8,1.0,1,1,Graphic Designer
0.51,0.8,0.2,0.5,3,0,Software Engineer
0.96,0.3,0.6,0.5,2,1,Data Scientist
0.83,0.8,0.6,0.8,0,1,Software Engineer
0.96,0.8,0.6,0.2,2,0,Product Manager
0.57,0.1,0.6,0.2,1,0,Graphic Designer
0.83,0.3,0.9,0.3,2,1,Product Manager
0.79,0.4,0.7,0.3,1,1,Graphic Designer
0.75,0.1,1.0,0.4,3,1,HR Manager
0.74,0.1,0.4,0.4,2,0,HR Manager
0.56,0.9,0.3,0.6,2,0,Graphic Designer
0.57,0.5,0.8,0.9,2,1,Product Manager
0.89,0.7,1.0,0.2,2,1,Product Manager
0.79,1.0,0.3,0.5,0,0,Software Engineer
0.7,0.2,0.4,0.5,0,0,Business Analyst
0.94,0.3,0.9,0.7,3,0,Data Scientist
0.86,0.7,0.7,0.3,3,0,HR Manager
0.6,0.8,0.5,0.3,1,1,Graphic Designer
0.78,1.0,0.1,0.6,0,1,Software Engineer
0.58,0.4,0.7,0.9,3,1,Data Scientist
0.93,0.8,0.7,0.8,3,0,Data Scientist
0.55,1.0,0.1,0.4,2,0,Business Analyst
0.64,0.9,0.5,0.3,3,1,HR Manager
0.82,0.2,1.0,0.2,2,1,Product Manager
0.84,0.1,0.8,0.9,1,1,Graphic Designer
0.56,0.4,0.5,0.1,3,1,Business Analyst
0.55,0.8,0.2,0.4,1,1,Graphic Designer
0.95,1.0,0.7,0.3,1,0,Graphic Designer
0.63,0.1,1.0,0.6,2,0,Business Analyst
0.95,0.5,0.5,1.0,2,0,Data Scientist
0.98,0.7,0.1,0.5,1,0,Graphic Designer
0.65,0.3,0.6,0.4,3,1,Data Scientist
0.86,0.5,0.7,0.7,3,0,Data Scientist
0.9,0.2,0.7,0.9,2,1,Product Manager
0.79,0.8,0.6,1.0,0,0,Software Engineer
0.96,0.8,0.6,0.2,3,0,Graphic Designer
0.63,0.8,0.5,0.6,2,1,HR Manager
0.86,0.3,1.0,0.8,2,0,Business Analyst
0.52,0.2,0.8,0.1,0,0,Graphic Designer
0.79,0.1,0.7,0.4,1,1,Graphic Designer
0.6,0.5,0.2,0.6,2,0,Business Analyst
0.92,0.3,0.1,0.7,2,0,Graphic Designer
0.91,0.2,0.2,0.1,1,1,Graphic Designer
0.54,0.3,1.0,0.4,3,0,Software Engineer
0.94,0.6,0.2,0.7,1,1,Graphic Designer
0.54,0.4,0.7,0.2,0,0,Business Analyst
0.73,0.5,0.3,0.7,1,0,Graphic Designer
0.54,0.9,1.0,0.1,1,1,Graphic Designer
0.72,0.4,0.3,0.7,3,0,Data Scientist
0.55,0.2,0.3,0.2,3,1,Graphic Designer
0.7,0.3,0.4,0.5,0,0,HR Manager
0.88,1.0,1.0,0.5,0,1,Software Engineer
0.63,0.9,1.0,0.9,1,1,Graphic Designer
0.68,0.1,0.4,0.8,3,0,Data Scientist
0.65,0.8,1.0,0.2,0,1,Software Engineer
0.7,0.3,0.7,1.0,3,1,Data Scientist
0.84,0.3,0.8,0.2,0,0,Software Engineer
0.66,0.4,0.1,0.1,3,1,Product Manager
0.95,0.9,0.7,0.7,3,0,Data Scientist
0.9,0.9,0.9,1.0,1,1,Graphic Designer
0.55,0.5,0.2,0.9,1,0,Graphic Designer
0.84,0.6,0.7,1.0,0,1,Business Analyst
0.94,0.7,0.4,0.1,1,0,Graphic Designer
0.77,0.2,0.8,1.0,0,1,HR Manager
0.92,0.3,0.2,0.1,1,0,Graphic Designer
0.6,0.8,0.6,0.9,2,0,Business Analyst
0.73,0.3,0.5,0.2,0,1,Graphic Designer
0.67,0.9,0.2,0.5,0,1,Software Engineer
0.79,0.9,0.6,0.1,3,0,Business Analyst
0.6,0.5,0.2,1.0,0,0,Product Manager
0.82,0.1,0.1,0.1,1,0,Graphic Designer
0.8,0.6,0.7,0.3,1,0,Graphic Designer
0.85,0.7,0.4,0.6,1,1,Graphic Designer
0.96,0.6,0.5,0.2,2,0,HR Manager
0.93,0.1,0.3,0.4,0,1,Software Engineer
0.79,0.5,0.5,0.6,0,1,Software Engineer
0.73,0.4,0.5,1.0,2,0,Graphic Designer
0.73,1.0,0.8,0.4,1,0,Graphic Designer
0.5,0.7,0.1,0.4,2,0,Business Analyst
0.5,0.7,0.5,0.2,1,0,Graphic Designer
0.76,0.8,0.1,0.3,2,0,Software Engineer
0.64,0.9,0.7,0.6,3,0,HR Manager
0.56,0.9,0.3,0.7,0,0,Software Engineer
0.77,0.3,0.4,0.5,2,1,Graphic Designer
0.94,0.6,0.6,0.8,2,0,Business Analyst
0.54,0.4,0.3,1.0,0,0,Software Engineer
0.6,0.8,0.8,0.6,3,0,HR Manager
0.72,0.4,0.8,0.5,3,1,HR Manager
0.57,0.2,0.3,0.5,0,0,Business Analyst
0.59,0.2,0.4,0.6,3,0,Product Manager
0.69,0.5,0.3,0.1,3,1,HR Manager
0.97,0.9,0.4,0.2,3,0,Data Scientist
0.57,0.1,0.1,0.4,1,0,Graphic Designer
0.75,0.6,0.2,1.0,2,0,Software Engineer
0.54,0.4,0.8,0.3,0,1,HR Manager
0.57,0.1,0.8,0.1,1,1,Graphic Designer
0.96,0.7,0.8,0.1,3,1,HR Manager
0.61,0.6,0.4,0.3,2,1,Graphic Designer
0.59,0.1,1.0,1.0,1,1,Graphic Designer
0.81,0.7,0.9,0.8,0,0,Software Engineer
0.67,0.7,0.3,0.7,1,0,Graphic Designer
0.9,0.9,0.1,0.7,2,1,HR Manager
1.0,0.8,0.6,1.0,2,1,Business Analyst
0.67,0.3,0.1,0.6,1,0,Graphic Designer
0.99,0.5,0.1,0.8,2,0,Data Scientist
0.56,0.4,0.4,0.5,0,0,HR Manager
0.74,0.6,0.3,0.3,1,1,Graphic Designer
0.97,0.6,1.0,0.1,2,0,HR Manager
0.62,0.8,0.9,0.5,1,1,Graphic Designer
0.52,0.2,0.1,0.4,1,0,Graphic Designer
0.83,0.8,0.1,0.6,1,0,Graphic Designer
0.71,0.3,0.6,0.1,0,0,HR Manager
0.95,0.3,0.2,0.9,2,0,Business Analyst
0.95,0.7,1.0,0.2,2,1,Product Manager
0.7,0.3,0.3,0.7,3,1,Data Scientist
0.61,0.9,1.0,0.6,1,0,Graphic Designer
0.74,0.5,0.5,0.3,1,0,Graphic Designer
0.94,1.0,0.7,1.0,0,0,Software Engineer
0.88,0.6,1.0,0.4,0,1,HR Manager
0.59,0.6,0.2,0.4,2,1,Data Scientist
0.9,0.2,0.6,0.8,0,1,Business Analyst
0.63,0.4,0.2,0.6,2,0,Product Manager
0.5,0.1,0.7,0.8,3,0,Data Scientist
0.76,0.8,0.7,0.6,3,0,Graphic Designer
1.0,1.0,0.4,0.3,3,0,Software Engineer
0.68,0.1,0.6,0.5,0,0,Business Analyst
0.6,0.7,0.3,0.2,0,1,Software Engineer
0.88,1.0,0.8,0.1,3,0,HR Manager
0.77,0.3,0.1,0.2,2,0,Data Scientist
0.76,0.9,0.9,0.5,2,1,Product Manager
0.65,0.2,0.1,0.7,3,0,Data Scientist
0.53,0.6,0.1,0.7,0,1,Product Manager
0.9,1.0,0.8,0.4,0,0,Software Engineer
0.63,0.3,0.5,0.2,3,0,Business Analyst
1.0,0.7,0.8,0.8,2,0,Business Analyst
0.91,0.9,0.7,0.3,2,1,Product Manager
0.73,0.3,0.8,0.1,2,1,Product Manager
0.79,0.5,0.4,0.5,0,0,Product Manager
0.92,0.2,0.2,0.6,3,0,HR Manager
0.53,0.7,0.9,0.7,3,0,Data Scientist
0.8,0.5,0.2,0.7,0,0,Software Engineer
0.98,0.8,0.3,0.3,1,0,Graphic Designer
0.58,0.1,0.7,0.2,3,0,Product Manager
0.59,1.0,0.5,0.6,0,0,Software Engineer
0.74,0.9,0.7,0.9,2,1,Product Manager
0.83,0.8,0.1,1.0,3,0,Data Scientist
0.76,0.3,0.3,1.0,0,0,HR Manager
0.99,0.2,0.5,0.9,2,1,Business Analyst
0.74,0.8,1.0,1.0,3,0,Data Scientist
0.61,0.5,0.7,0.3,3,0,Graphic Designer
0.71,0.4,0.1,0.8,2,1,Software Engineer
0.71,0.5,0.5,0.5,3,0,Data Scientist
0.58,0.5,0.8,0.6,2,1,Product Manager
0.88,0.2,0.4,0.8,1,1,Graphic Designer
0.97,0.8,0.9,0.6,0,0,Software Engineer
0.54,0.5,0.9,0.7,1,0,Graphic Designer
0.61,0.4,0.4,0.1,1,0,Graphic Designer
0.79,0.1,0.6,0.4,2,1,Graphic Designer
0.82,0.7,0.2,0.1,1,1,Graphic Designer
0.81,1.0,0.8,0.3,3,1,HR Manager
0.72,0.3,0.5,0.2,2,0,Graphic Designer
0.53,0.3,1.0,0.4,1,0,Graphic Designer
0.93,0.4,0.5,0.7,0,0,Graphic Designer
0.58,0.3,1.0,0.1,1,1,Graphic Designer
0.88,0.5,0.5,0.7,3,1,Data Scientist
0.79,0.5,0.4,0.8,2,1,HR Manager
0.56,0.1,0.9,0.6,2,1,Product Manager
0.93,0.2,0.8,0.2,2,1,Product Manager
0.9,0.6,0.5,0.5,2,0,Data Scientist
0.83,0.4,0.1,1.0,3,1,Data Scientist
0.93,0.3,0.1,0.8,2,1,Graphic Designer
0.75,0.7,0.1,1.0,1,1,Graphic Designer
0.96,0.4,0.9,0.8,2,1,Product Manager
0.6,0.9,0.3,0.5,0,1,Software Engineer
0.58,0.5,0.9,0.3,2,0,Data Scientist
0.72,0.4,0.5,0.7,2,1,Business Analyst
0.87,0.5,0.8,0.2,3,0,Product Manager
0.87,1.0,1.0,0.2,3,0,HR Manager
0.57,0.7,0.9,0.5,3,0,Data Scientist
0.58,0.4,0.6,0.7,3,0,Data Scientist
0.7,0.3,0.2,0.8,2,0,Business Analyst
0.9,0.1,0.1,0.8,2,0,Data Scientist
0.86,0.3,0.8,0.2,1,1,Graphic Designer
0.9,0.7,0.7,0.7,3,1,Data Scientist
0.5,0.1,0.9,0.4,2,0,Business Analyst
0.98,0.9,0.4,0.1,0,0,Software Engineer
0.64,0.6,0.5,0.3,0,1,HR Manager
0.87,0.5,0.3,0.2,0,1,Business Analyst
0.79,0.9,1.0,0.9,2,1,Product Manager
0.93,0.3,0.6,0.8,2,0,Business Analyst
0.6,0.7,0.1,0.4,1,0,Graphic Designer
0.63,0.1,1.0,0.9,1,0,Graphic Designer
0.73,0.1,0.7,0.5,0,0,Product Manager
0.56,0.1,0.1,0.2,3,1,Graphic Designer
0.57,0.9,0.5,0.8,1,0,Graphic Designer
0.94,0.1,0.5,0.7,0,1,HR Manager
0.88,0.3,0.7,0.2,0,1,Software Engineer
1.0,0.2,0.8,0.4,1,1,Graphic Designer
0.83,0.4,0.6,0.7,2,0,Business Analyst
0.52,0.9,0.8,0.4,3,1,HR Manager
0.65,0.1,0.1,0.2,0,1,Data Scientist
0.55,0.9,0.2,0.2,2,0,Graphic Designer
0.68,0.5,0.8,0.1,0,0,Software Engineer
0.68,0.6,0.6,0.7,0,0,Business Analyst
0.98,0.1,0.1,0.3,1,1,Graphic Designer
0.72,0.8,1.0,0.5,0,1,Software Engineer
0.71,0.3,0.2,0.7,3,1,Data Scientist
0.67,0.7,0.8,0.7,1,0,Graphic Designer
0.58,0.1,0.3,0.2,3,1,HR Manager
0.93,0.8,0.3,1.0,3,1,Data Scientist
0.89,0.1,0.3,0.8,3,0,Data Scientist
0.76,0.8,0.1,0.2,2,1,Software Engineer
0.95,0.9,1.0,1.0,1,1,Graphic Designer
0.83,0.9,1.0,0.2,3,0,Graphic Designer
0.72,0.7,0.3,0.9,0,0,Software Engineer
0.91,0.3,0.9,0.8,3,0,Data Scientist
0.54,0.8,0.6,0.4,2,1,Software Engineer
0.82,0.4,0.9,0.7,3,0,Data Scientist
0.55,0.8,0.8,1.0,3,0,Data Scientist
0.81,0.8,0.6,0.2,3,0,Software Engineer
0.75,0.7,0.1,0.9,0,0,Software Engineer
1.0,1.0,1.0,0.5,1,1,Graphic Designer
0.71,0.6,0.1,0.4,3,1,HR Manager
0.99,1.0,1.0,0.8,2,1,Product Manager
0.57,0.2,0.4,0.1,2,1,Product Manager
0.68,0.9,0.9,0.6,0,0,Software Engineer
0.6,0.8,0.3,0.7,0,1,Software Engineer
0.89,0.4,0.4,0.2,3,0,Graphic Designer
1.0,0.4,0.6,0.2,3,0,Product Manager
0.93,1.0,0.2,0.8,3,0,Data Scientist
0.81,0.1,0.9,0.1,3,1,HR Manager
0.82,0.3,1.0,0.3,1,0,Graphic Designer
0.74,1.0,1.0,0.6,3,1,HR Manager
0.88,0.4,0.5,0.7,2,1,Graphic Designer
0.58,0.3,0.7,1.0,2,1,Product Manager
0.95,0.9,0.4,0.4,1,1,Graphic Designer
0.93,0.6,0.3,0.3,2,0,Business Analyst
0.85,0.8,1.0,1.0,3,1,Data Scientist
0.77,0.1,0.9,0.2,0,1,HR Manager
0.59,0.1,0.1,0.4,2,0,Business Analyst
0.93,0.5,0.3,0.1,2,0,HR Manager
0.52,0.6,0.8,0.2,1,1,Graphic Designer
0.65,0.9,0.5,0.1,3,1,Graphic Designer
1.0,0.6,0.9,0.1,0,1,HR Manager
0.62,1.0,0.8,0.4,2,0,Product Manager
0.62,0.5,0.8,0.3,0,0,Data Scientist
0.97,0.9,0.2,0.7,0,1,Software Engineer
0.67,0.9,0.5,0.3,1,1,Graphic Designer
0.5,0.6,0.8,0.3,0,0,Business Analyst
0.88,0.1,1.0,0.5,3,1,HR Manager
0.54,0.6,0.9,0.4,1,0,Graphic Designer
1.0,0.9,0.3,0.7,3,0,Data Scientist
0.72,0.4,0.4,0.6,2,1,Business Analyst
0.63,1.0,0.9,0.8,0,0,Software Engineer
0.92,0.6,0.8,0.4,1,0,Graphic Designer
0.93,0.6,0.7,0.2,3,1,HR Manager
0.96,0.5,0.1,0.9,2,1,Graphic Designer
0.52,0.5,0.4,0.6,0,0,Data Scientist
0.99,0.9,0.9,0.1,0,0,Software Engineer
0.92,0.4,0.7,0.2,1,1,Graphic Designer
0.91,0.2,0.3,0.1,3,1,Software Engineer
0.55,0.2,0.1,0.3,2,0,HR Manager
0.64,0.5,0.7,0.7,3,1,Data Scientist
0.77,0.6,0.1,0.7,0,0,Product Manager
0.96,1.0,0.2,1.0,0,0,Software Engineer
0.72,0.9,0.2,0.5,2,0,Business Analyst
0.98,0.8,0.7,0.7,0,1,Software Engineer
0.6,0.9,0.4,0.3,3,1,Product Manager
0.59,0.5,0.6,0.1,1,0,Graphic Designer
0.52,0.1,1.0,1.0,3,0,Data Scientist
0.69,0.4,0.6,0.4,3,0,Data Scientist
0.61,0.4,1.0,0.5,1,0,Graphic Designer
0.61,1.0,0.1,0.9,3,0,Data Scientist
0.68,0.2,0.5,0.2,1,1,Graphic Designer
0.71,0.6,0.3,0.4,0,1,HR Manager
0.54,0.4,0.6,0.8,3,1,Data Scientist
0.89,0.5,1.0,0.3,2,1,Product Manager
0.77,0.3,0.1,0.6,1,0,Graphic Designer
0.95,0.7,0.5,0.6,1,1,Graphic Designer
0.8,0.8,0.8,0.6,2,1,Product Manager
0.85,0.2,0.3,1.0,0,1,Data Scientist
0.84,0.4,0.5,0.2,0,0,HR Manager
0.9,0.1,1.0,1.0,3,0,Data Scientist
0.52,0.9,0.5,0.9,3,0,Data Scientist
0.73,0.7,0.4,1.0,2,0,Graphic Designer
0.82,0.9,0.2,0.7,2,0,Product Manager
0.65,1.0,0.3,0.9,1,1,Graphic Designer
0.6,0.3,1.0,1.0,1,1,Graphic Designer
0.72,0.1,0.4,0.8,1,0,Graphic Designer
0.66,0.6,0.4,0.1,1,1,Graphic Designer
0.74,0.8,0.8,0.1,0,1,Software Engineer
0.56,0.9,0.5,0.5,1,1,Graphic Designer
0.91,0.7,0.6,1.0,0,1,Software Engineer
0.74,0.4,0.9,0.7,2,1,Product Manager
0.81,0.8,1.0,0.1,1,1,Graphic Designer
0.6,0.4,0.2,0.9,2,0,Data Scientist
0.61,0.3,0.6,1.0,0,0,Business Analyst
0.76,0.6,0.2,0.8,3,1,Data Scientist
0.63,1.0,0.3,0.7,0,0,Software Engineer
0.52,0.3,1.0,1.0,1,0,Graphic Designer
0.9,0.9,0.1,1.0,1,0,Graphic Designer
0.6,0.5,0.3,0.9,3,0,Data Scientist
0.96,0.5,0.2,0.4,3,1,Graphic Designer
0.6,0.4,0.7,1.0,1,0,Graphic Designer
0.89,0.9,0.5,0.3,2,1,HR Manager
0.87,0.2,0.4,0.7,3,0,Data Scientist
0.56,0.1,0.4,0.9,3,0,Data Scientist
0.88,0.2,0.3,0.8,0,0,Software Engineer
0.8,0.3,1.0,0.9,0,1,HR Manager
0.83,0.7,0.6,0.1,3,0,Graphic Designer
1.0,0.7,0.6,1.0,0,1,Software Engineer
0.58,0.5,0.8,0.4,0,1,HR Manager
0.88,0.9,0.7,0.5,1,0,Graphic Designer
0.95,0.1,1.0,0.9,0,0,Business Analyst
0.74,0.4,0.6,0.7,2,0,Business Analyst
0.59,0.7,1.0,0.5,2,1,Product Manager
0.86,0.6,1.0,0.5,3,0,Graphic Designer
0.85,0.9,0.8,0.3,2,1,Product Manager
0.66,0.5,1.0,0.6,3,0,Product Manager
0.57,0.4,0.8,0.3,0,0,HR Manager
0.75,0.6,0.9,1.0,0,0,Business Analyst
0.74,0.1,0.2,0.3,3,1,Software Engineer
0.54,0.5,0.4,0.6,0,0,Product Manager
0.74,0.7,1.0,0.9,2,0,Business Analyst
0.99,0.3,0.8,0.8,0,0,Business Analyst
0.92,0.9,0.5,0.4,0,0,Software Engineer
0.89,0.3,0.1,0.6,1,0,Graphic Designer
0.6,0.2,0.5,0.7,2,1,Graphic Designer
0.87,0.4,0.9,0.1,0,0,HR Manager
0.68,0.9,1.0,0.6,2,1,Product Manager
0.64,1.0,0.4,0.8,3,0,Data Scientist
0.66,0.3,0.7,0.9,0,0,Business Analyst
0.82,0.5,0.6,0.2,2,1,Product Manager
0.78,0.7,1.0,0.8,1,1,Graphic Designer
0.99,0.8,0.8,1.0,0,1,Software Engineer
0.57,0.5,0.2,0.7,1,0,Graphic Designer
0.7,0.7,0.6,0.9,0,1,Software Engineer
0.65,0.5,0.2,0.7,2,0,HR Manager
0.61,0.8,0.6,0.6,1,1,Graphic Designer
0.61,0.4,0.8,0.4,1,0,Graphic Designer
0.66,0.4,0.4,0.4,1,1,Graphic Designer
0.59,0.2,0.2,0.2,3,0,HR Manager
0.52,0.8,0.6,1.0,2,1,Business Analyst
0.86,0.5,0.8,0.3,2,1,Product Manager
0.64,1.0,0.3,0.1,3,1,HR Manager
0.52,0.9,0.6,0.7,1,1,Graphic Designer
0.57,0.9,0.8,0.6,0,0,Software Engineer
0.93,0.4,0.7,1.0,0,1,Business Analyst
0.73,1.0,0.5,0.3,2,0,Business Analyst
0.8,1.0,0.6,0.6,1,1,Graphic Designer
0.77,0.4,0.7,0.6,2,1,Product Manager
0.67,0.8,0.3,1.0,1,0,Graphic Designer
0.56,0.5,0.4,0.9,3,1,Data Scientist
0.62,0.3,0.3,0.8,0,0,Graphic Designer
0.81,0.3,0.9,0.9,2,1,Product Manager
0.69,0.5,0.9,1.0,0,1,HR Manager
0.56,0.3,0.1,0.4,2,1,Product Manager
0.56,0.8,0.6,0.5,2,1,HR Manager
0.85,0.5,0.6,0.1,3,0,Business Analyst
0.93,1.0,0.4,1.0,1,1,Graphic Designer
0.72,0.6,0.9,0.8,3,0,Data Scientist
0.74,1.0,0.5,0.8,1,0,Graphic Designer
0.9,0.6,0.7,1.0,3,0,Data Scientist
0.55,0.3,0.6,0.4,2,1,Product Manager
0.68,0.5,1.0,0.7,2,1,Product Manager
0.99,0.6,1.0,0.9,3,1,Data Scientist
0.6,0.3,0.1,0.3,1,1,Graphic Designer
0.97,0.2,0.4,0.3,3,0,Software Engineer
0.54,0.8,0.9,0.1,0,1,Software Engineer
0.83,0.2,0.2,0.5,1,0,Graphic Designer
0.91,0.7,0.5,0.4,1,1,Graphic Designer
0.78,0.3,0.3,0.9,1,0,Graphic Designer
0.52,0.6,0.6,0.8,3,1,Data Scientist
0.85,0.8,0.3,0.9,1,1,Graphic Designer
0.9,1.0,0.7,0.9,2,1,Product Manager
0.8,0.9,0.4,0.2,3,1,Business Analyst
0.76,0.5,0.3,0.5,0,0,HR Manager
0.98,0.3,0.6,0.5,3,0,Product Manager
0.81,0.8,0.5,0.1,3,1,HR Manager
0.64,0.1,0.9,0.6,1,1,Graphic Designer
0.85,0.7,0.7,0.4,1,1,Graphic Designer
0.74,0.4,0.5,0.2,3,0,HR Manager
0.98,1.0,0.5,0.5,2,1,Data Scientist
0.54,0.3,0.3,0.5,0,1,HR Manager
0.78,0.5,1.0,0.8,1,1,Graphic Designer
0.51,0.3,0.1,0.9,0,0,Software Engineer
0.68,0.5,0.3,0.8,0,0,Software Engineer
0.59,0.1,0.8,0.4,2,1,Product Manager
0.69,0.8,0.6,0.8,0,1,Software Engineer
0.55,0.3,0.1,0.5,3,0,HR Manager
0.8,0.3,0.4,0.5,3,0,Software Engineer
0.99,0.4,0.7,0.8,1,0,Graphic Designer
0.62,0.8,0.2,0.9,1,1,Graphic Designer
0.74,0.5,0.6,0.3,0,0,Business Analyst
0.8,0.5,0.4,0.6,0,0,Software Engineer
0.65,0.7,0.6,0.1,1,1,Graphic Designer
0.87,0.2,0.7,0.4,0,0,HR Manager
1.0,0.8,1.0,0.3,2,0,Data Scientist
0.6,0.8,0.2,1.0,2,0,Software Engineer
0.72,0.3,0.9,0.2,1,1,Graphic Designer
0.64,0.6,0.9,0.6,3,0,Software Engineer
0.94,0.7,0.6,0.3,2,0,Graphic Designer
0.95,0.8,0.9,0.5,3,0,HR Manager
0.61,0.9,0.6,0.6,3,1,HR Manager
0.85,0.3,0.2,0.9,1,1,Graphic Designer
0.68,0.5,0.9,0.6,3,0,Product Manager
0.82,0.7,0.3,0.1,2,0,Business Analyst
0.96,0.2,0.9,0.7,1,1,Graphic Designer
0.99,0.9,0.3,1.0,2,1,Graphic Designer
0.91,0.6,0.2,0.2,0,0,Data Scientist
0.61,0.1,0.4,0.2,3,0,Software Engineer
0.52,1.0,0.7,0.8,2,0,Business Analyst
0.73,0.4,1.0,0.2,0,0,Product Manager
0.81,0.2,0.8,0.1,2,1,Product Manager
0.73,0.1,1.0,0.5,0,0,Business Analyst
0.54,0.4,0.9,0.2,0,0,HR Manager
0.74,0.4,0.4,0.9,1,0,Graphic Designer
0.85,0.9,0.7,0.2,2,1,Product Manager
0.94,0.7,0.2,0.3,1,1,Graphic Designer
0.82,0.6,0.3,0.9,3,1,Data Scientist
0.7,0.9,0.6,0.6,3,1,Product Manager
0.7,1.0,0.4,1.0,1,1,Graphic Designer
0.99,0.9,0.5,0.6,3,1,Graphic Designer
0.5,0.1,0.5,1.0,0,0,Business Analyst
0.5,0.5,0.4,0.4,2,0,Product Manager
0.67,0.9,0.9,0.9,1,0,Graphic Designer
0.52,0.8,0.6,0.3,1,1,Graphic Designer
0.73,1.0,0.4,0.4,2,1,Software Engineer
0.86,0.7,1.0,0.4,0,1,Software Engineer
1.0,0.8,0.3,0.8,0,1,Software Engineer
0.52,1.0,0.7,0.2,0,1,Software Engineer
0.72,0.7,0.7,0.2,1,0,Graphic Designer
0.9,0.7,0.1,0.5,0,1,Software Engineer
0.84,1.0,0.3,0.6,1,0,Graphic Designer
0.53,0.7,0.8,1.0,0,0,Software Engineer
0.77,0.5,0.7,0.3,1,1,Graphic Designer
0.55,0.8,1.0,0.1,3,1,HR Manager
0.55,0.7,0.9,0.7,1,0,Graphic Designer
0.8,0.9,0.4,0.8,3,0,Data Scientist
0.85,1.0,0.9,0.4,1,0,Graphic Designer
0.67,0.7,0.6,1.0,0,0,Software Engineer
0.92,0.7,0.7,0.6,2,0,Business Analyst
0.72,1.0,0.1,0.5,1,1,Graphic Designer
0.89,0.8,1.0,0.3,3,0,Data Scientist
0.62,0.6,0.3,0.2,0,0,Data Scientist
0.89,0.3,0.5,0.1,2,0,Business Analyst
0.78,0.8,0.1,0.6,1,0,Graphic Designer
0.63,0.9,0.9,0.5,3,0,Product Manager
0.94,0.1,0.7,1.0,0,1,Business Analyst
0.6,0.1,0.5,0.4,2,0,Graphic Designer
0.91,0.1,0.2,0.7,2,1,Software Engineer
0.51,0.5,0.7,0.4,3,0,Business Analyst
0.81,1.0,0.9,0.2,1,0,Graphic Designer
0.82,0.8,0.9,0.1,0,0,Software Engineer
0.83,0.5,0.6,0.8,3,0,Data Scientist
0.51,0.6,0.6,0.6,2,0,HR Manager
0.67,0.1,0.5,0.7,0,1,Data Scientist
0.59,0.6,0.7,0.3,0,1,HR Manager
0.93,1.0,0.4,0.7,1,0,Graphic Designer
0.77,0.5,1.0,0.6,3,0,Data Scientist
0.91,0.3,1.0,0.9,1,0,Graphic Designer
0.69,0.9,0.3,0.7,1,0,Graphic Designer
0.7,0.2,0.9,0.9,0,0,Business Analyst
0.7,0.3,0.1,0.6,3,1,Business Analyst
0.78,0.5,0.3,0.4,0,0,Data Scientist
0.51,1.0,1.0,0.5,1,0,Graphic Designer
0.64,0.1,0.6,0.2,3,0,HR Manager
0.88,0.8,0.6,0.3,3,1,Graphic Designer
0.58,0.3,0.4,0.4,0,1,Software Engineer
0.67,0.7,0.4,0.4,1,0,Graphic Designer
0.61,0.8,1.0,0.8,2,1,Product Manager
0.65,0.7,0.7,0.1,3,1,Graphic Designer
0.89,1.0,1.0,0.9,0,0,Software Engineer
0.78,0.8,0.1,0.4,3,0,HR Manager
0.74,0.9,0.1,0.4,2,1,Graphic Designer
0.69,0.5,0.8,0.3,3,1,HR Manager
0.89,0.1,0.9,0.3,3,1,HR Manager
0.55,0.9,0.2,0.3,1,1,Graphic Designer
0.76,0.6,0.8,0.1,1,1,Graphic Designer
0.87,0.4,0.8,0.2,2,1,Product Manager
0.94,0.3,0.2,0.2,0,1,Product Manager
0.73,0.2,0.9,0.7,1,1,Graphic Designer
0.85,0.7,0.1,0.3,2,0,Data Scientist
0.59,0.3,0.1,0.7,2,1,Product Manager
0.99,0.8,0.5,0.3,0,0,Software Engineer
0.62,0.1,1.0,0.5,0,1,HR Manager
0.81,0.8,0.9,0.1,3,0,Data Scientist
0.87,0.8,0.8,0.7,3,0,Data Scientist
0.88,1.0,0.1,0.4,2,0,Software Engineer
0.61,0.3,0.1,0.6,0,0,Software Engineer
0.92,1.0,1.0,0.5,2,0,Software Engineer
0.56,0.7,0.3,0.3,2,0,Graphic Designer
0.97,1.0,0.6,0.1,0,1,Software Engineer
0.7,0.6,0.7,0.2,3,0,Business Analyst
0.8,0.3,0.2,0.5,2,1,HR Manager
0.63,0.4,1.0,0.1,0,0,Graphic Designer
0.96,1.0,0.5,0.7,2,1,HR Manager
0.86,1.0,0.6,0.3,3,1,Graphic Designer
0.61,1.0,0.4,0.5,1,0,Graphic Designer
0.57,0.1,0.8,0.2,1,1,Graphic Designer
0.76,0.1,0.6,0.6,1,0,Graphic Designer
0.9,0.4,0.5,0.5,0,1,Business Analyst
0.82,0.9,0.6,0.1,0,1,Software Engineer
0.71,0.7,1.0,1.0,0,0,Software Engineer
0.62,0.6,0.6,0.8,3,0,Data Scientist
0.91,0.3,0.8,0.3,3,1,HR Manager
0.79,0.7,0.1,0.9,2,1,HR Manager
0.84,0.1,0.4,1.0,2,1,Software Engineer
0.59,0.5,0.1,0.6,3,0,HR Manager
0.88,0.7,0.3,1.0,0,1,Software Engineer
0.95,0.6,0.1,0.5,3,0,Graphic Designer
0.65,0.6,0.8,0.5,1,1,Graphic Designer
0.61,0.2,0.6,0.1,1,0,Graphic Designer
0.78,0.9,0.1,0.8,1,0,Graphic Designer
0.71,0.8,0.9,0.5,2,0,Software Engineer
0.83,0.3,0.4,0.1,3,1,Product Manager
0.83,0.2,0.1,0.5,0,0,Business Analyst
0.79,0.1,0.2,0.9,2,0,HR Manager
0.98,0.5,0.4,0.6,1,0,Graphic Designer
0.68,0.5,0.9,0.6,3,0,Business Analyst
0.59,0.3,0.5,0.2,0,0,Data Scientist
0.84,0.6,0.9,0.6,2,0,Product Manager
0.68,1.0,0.4,0.3,0,1,Software Engineer
0.89,0.6,0.9,0.8,0,0,Business Analyst
0.51,0.8,0.1,0.2,3,0,Software Engineer
0.77,0.7,0.3,1.0,3,1,Data Scientist
0.69,0.6,0.4,0.9,0,1,HR Manager
0.58,0.2,0.8,0.2,3,1,HR Manager
0.93,0.8,0.8,0.4,1,0,Graphic Designer
0.89,0.5,0.6,0.7,1,1,Graphic Designer
1.0,0.6,0.8,0.8,0,0,Business Analyst
0.8,0.2,0.6,0.8,3,0,Data Scientist
0.68,0.6,1.0,1.0,1,0,Graphic Designer
0.75,0.2,0.6,0.9,0,1,Business Analyst
0.84,0.8,0.7,1.0,3,0,Data Scientist
0.89,0.4,0.9,0.3,3,1,HR Manager
0.54,0.6,0.4,1.0,3,1,Data Scientist
0.86,0.6,0.9,0.4,1,0,Graphic Designer
0.97,1.0,0.8,0.2,3,1,HR Manager
0.85,0.2,0.8,0.3,2,1,Product Manager
0.54,1.0,0.2,1.0,3,1,Data Scientist
0.81,0.1,0.2,0.4,1,0,Graphic Designer
0.98,0.3,0.3,0.8,2,1,HR Manager
0.86,0.8,0.4,0.4,2,1,HR Manager
1.0,0.5,0.7,0.6,0,0,HR Manager
0.82,0.7,0.3,0.5,0,1,Software Engineer
0.85,0.1,0.1,0.9,2,0,Business Analyst
0.51,0.4,0.7,1.0,3,1,Data Scientist
0.95,0.7,0.7,0.7,3,0,Data Scientist
0.92,0.3,0.8,0.3,1,1,Graphic Designer
0.73,0.7,0.3,0.5,1,0,Graphic Designer
0.5,0.2,0.1,0.3,3,1,Data Scientist
0.55,0.3,0.7,0.8,3,0,Data Scientist
0.79,0.9,0.7,0.9,3,1,Data Scientist
0.72,0.4,0.3,0.7,0,1,Product Manager
0.65,0.9,0.5,0.7,2,0,Software Engineer
0.86,0.8,0.6,0.2,3,0,Data Scientist
0.96,0.9,0.5,0.8,0,0,Software Engineer
0.65,0.8,0.2,0.9,2,0,Business Analyst
0.84,0.1,0.8,0.8,3,1,Data Scientist
0.76,0.6,0.5,0.5,1,0,Graphic Designer
0.94,1.0,0.5,1.0,2,0,Product Manager
0.8,1.0,0.3,1.0,0,1,Software Engineer
0.97,1.0,0.1,0.5,3,0,Data Scientist
0.82,0.2,0.5,0.5,1,1,Graphic Designer
0.67,0.5,0.1,0.2,1,0,Graphic Designer
0.92,0.8,0.6,0.3,2,0,Graphic Designer
0.61,0.9,0.1,0.6,0,0,Software Engineer
0.88,0.3,0.8,0.7,3,0,Data Scientist
0.92,0.8,0.3,0.4,2,0,Product Manager
0.66,0.2,0.1,0.3,3,1,Graphic Designer
0.69,0.8,0.9,0.4,3,1,HR Manager
0.8,0.5,0.3,0.9,3,0,Data Scientist
0.68,0.8,0.7,0.6,0,0,Software Engineer
0.84,0.6,0.7,1.0,2,1,Product Manager
0.67,0.5,0.2,0.5,3,1,Product Manager
0.97,0.4,1.0,0.4,2,0,Business Analyst
0.85,0.1,0.1,0.2,0,1,Software Engineer
0.83,0.2,0.8,0.6,1,1,Graphic Designer
0.66,0.4,0.1,0.1,0,0,HR Manager
0.92,0.4,1.0,0.2,0,0,HR Manager
0.58,0.7,1.0,0.3,0,0,Software Engineer
0.66,0.5,0.8,0.2,3,1,HR Manager
0.99,0.7,0.6,0.5,1,0,Graphic Designer
0.67,0.1,0.7,0.7,2,0,Business Analyst
0.66,0.5,0.3,0.8,0,1,Data Scientist
0.89,0.7,0.3,0.8,0,0,Software Engineer
0.84,0.7,0.4,1.0,0,1,Software Engineer
0.95,0.5,0.2,0.1,0,0,HR Manager
0.96,0.5,0.8,0.1,3,0,Product Manager
0.9,0.1,0.1,0.7,2,0,Product Manager
0.71,0.7,1.0,0.1,3,1,HR Manager
0.77,0.7,0.2,0.9,1,0,Graphic Designer
0.74,0.8,0.2,1.0,2,1,Product Manager
0.69,0.7,0.1,0.2,2,1,Software Engineer
0.79,0.5,0.4,0.3,0,1,Product Manager
0.62,0.5,0.7,0.2,2,1,Product Manager
0.55,0.8,0.4,0.3,0,0,Software Engineer
0.51,1.0,0.4,0.8,3,0,Data Scientist
1.0,0.9,0.5,0.8,3,0,Data Scientist
0.52,0.6,0.1,0.6,0,1,Software Engineer
0.63,0.9,0.8,0.9,1,0,Graphic Designer
0.54,0.1,0.3,0.8,0,1,HR Manager
0.52,0.4,0.3,0.1,1,0,Graphic Designer
0.69,0.2,0.8,1.0,1,0,Graphic Designer
0.56,0.2,0.8,1.0,1,0,Graphic Designer
0.62,0.7,0.6,0.7,2,0,Business Analyst
0.93,1.0,0.9,0.3,2,0,Software Engineer
0.87,0.3,0.6,0.2,0,1,Data Scientist
0.98,0.7,0.3,0.6,1,1,Graphic Designer
0.65,1.0,0.1,0.3,0,1,Software Engineer
0.99,0.3,0.1,0.8,0,0,Software Engineer
0.61,0.2,1.0,0.5,3,1,HR Manager
0.94,0.3,0.4,0.3,2,1,Graphic Designer
0.65,0.3,1.0,0.1,1,1,Graphic Designer
0.89,0.2,0.5,0.6,3,0,HR Manager
0.65,0.4,0.2,0.9,0,1,HR Manager
0.82,0.4,0.8,0.4,2,0,Data Scientist
0.57,0.3,0.8,0.8,1,0,Graphic Designer
0.92,0.1,0.1,0.6,2,0,Graphic Designer
0.66,0.6,1.0,0.8,0,0,Business Analyst
0.97,0.1,0.9,0.3,1,0,Graphic Designer
0.81,0.9,0.2,0.2,1,1,Graphic Designer
0.87,1.0,0.6,0.7,1,1,Graphic Designer
0.64,0.2,0.6,0.4,0,0,Product Manager
0.76,0.4,0.7,0.4,0,1,HR Manager
0.81,0.1,0.7,0.3,1,1,Graphic Designer
0.61,0.7,0.6,0.3,3,0,Product Manager
0.72,0.5,0.4,0.6,1,0,Graphic Designer
0.94,1.0,0.1,0.5,1,0,Graphic Designer
0.79,0.8,0.7,0.3,2,0,Business Analyst
0.88,0.3,1.0,0.3,1,0,Graphic Designer
0.76,0.9,0.8,0.4,3,1,HR Manager
0.67,0.1,0.7,0.4,1,1,Graphic Designer
0.77,1.0,0.4,1.0,1,0,Graphic Designer
0.76,0.1,0.1,0.8,0,1,HR Manager
0.75,0.8,0.2,0.8,3,0,Data Scientist
0.55,0.9,0.1,0.7,1,0,Graphic Designer
0.72,0.5,0.4,0.2,0,1,Product Manager
0.69,0.3,0.8,1.0,0,1,HR Manager
0.79,0.3,0.7,0.3,2,1,Product Manager
0.95,0.1,0.2,0.7,2,0,Business Analyst
0.77,0.5,1.0,0.9,1,0,Graphic Designer
0.89,0.6,0.1,0.9,2,0,Software Engineer
0.74,0.6,0.8,1.0,0,1,HR Manager
0.73,0.3,0.9,0.2,1,0,Graphic Designer
0.71,0.4,0.9,0.2,3,0,Product Manager
0.98,0.4,0.6,0.6,2,1,Business Analyst
0.53,0.2,0.6,0.6,3,1,HR Manager
0.83,0.2,0.8,0.9,2,1,Product Manager
0.89,0.6,0.2,0.4,3,0,Software Engineer
0.75,0.3,0.5,0.2,0,0,Business Analyst
0.57,0.3,0.8,0.3,1,0,Graphic Designer
0.68,0.7,0.9,0.3,3,1,HR Manager
0.76,0.8,0.1,0.5,1,0,Graphic Designer
0.51,0.4,0.9,0.6,3,1,HR Manager
0.91,0.6,0.8,1.0,3,1,Data Scientist
0.69,1.0,0.3,0.5,1,1,Graphic Designer
0.64,0.8,0.6,0.5,0,0,Software Engineer
0.72,0.5,0.8,0.3,1,1,Graphic Designer
0.61,0.3,0.3,0.3,1,0,Graphic Designer
0.52,0.6,1.0,0.3,3,1,HR Manager
0.73,0.3,0.4,0.9,0,1,Business Analyst
0.59,0.6,0.8,0.9,1,1,Graphic Designer
0.57,0.1,0.7,0.8,1,1,Graphic Designer
0.7,0.3,0.1,0.9,2,1,Graphic Designer
0.68,1.0,0.3,1.0,3,1,Data Scientist
0.94,0.2,0.8,0.1,1,0,Graphic Designer
0.69,0.1,0.7,1.0,1,1,Graphic Designer
0.72,0.2,0.6,0.1,1,0,Graphic Designer
1.0,0.5,0.4,0.1,0,1,Product Manager
0.92,0.2,0.9,0.7,1,1,Graphic Designer
0.7,1.0,1.0,0.9,0,1,Software Engineer
0.75,0.3,0.7,0.6,3,1,Software Engineer
0.68,0.6,0.6,0.5,3,0,Data Scientist
0.96,0.8,0.7,0.8,2,0,Business Analyst
0.96,0.7,0.7,0.3,0,0,Software Engineer
0.63,0.5,0.8,0.9,2,0,Business Analyst
0.87,0.7,0.2,0.1,3,1,Graphic Designer
0.61,0.9,0.8,1.0,1,0,Graphic Designer
0.61,0.7,0.5,0.9,3,0,Data Scientist
0.69,1.0,0.5,0.8,3,0,Data Scientist
0.51,0.1,0.3,0.5,2,1,Software Engineer
0.91,0.5,0.7,0.3,3,0,Software Engineer
0.57,0.5,0.8,0.2,2,1,Product Manager
0.86,0.7,0.5,0.8,0,1,Software Engineer
0.82,1.0,0.1,0.5,1,0,Graphic Designer
0.59,0.6,0.8,0.3,2,0,Software Engineer
0.67,0.6,0.7,0.6,0,1,Business Analyst
0.83,0.2,0.9,0.4,1,0,Graphic Designer
0.88,0.3,0.9,0.6,2,1,Product Manager
0.67,0.6,0.2,0.9,2,0,Software Engineer
0.58,0.9,0.5,0.6,3,1,Business Analyst
0.6,0.2,0.4,0.3,1,0,Graphic Designer
1.0,0.9,1.0,0.9,0,1,Software Engineer
0.79,0.2,0.2,0.3,0,1,Business Analyst
0.69,0.6,0.3,0.8,2,0,Product Manager
0.69,0.1,0.2,0.4,1,0,Graphic Designer
0.94,0.4,0.5,0.3,1,0,Graphic Designer
0.55,0.7,0.2,0.2,0,1,Software Engineer
0.98,0.7,0.1,0.4,0,0,Software Engineer
1.0,0.9,1.0,0.1,3,0,Business Analyst
0.52,0.2,0.5,0.1,0,0,HR Manager
0.63,1.0,0.4,0.3,2,0,Software Engineer
0.59,0.5,1.0,0.6,2,0,HR Manager
0.99,1.0,0.4,0.9,0,0,Software Engineer
0.87,0.1,0.9,0.4,1,1,Graphic Designer
0.6,0.9,0.1,0.2,1,1,Graphic Designer
0.73,1.0,0.3,0.8,0,0,Software Engineer
0.72,0.7,0.7,0.4,1,1,Graphic Designer
0.57,0.6,0.2,0.8,0,0,Graphic Designer
0.98,0.6,0.5,0.9,0,0,Business Analyst
0.81,0.2,0.7,0.5,3,1,Product Manager
0.78,0.4,0.9,0.7,2,1,Product Manager
0.62,0.2,0.8,0.6,1,0,Graphic Designer
0.93,0.8,0.2,0.7,3,0,Data Scientist
0.57,0.3,0.7,0.7,0,0,Business Analyst
0.54,0.6,0.4,0.6,1,1,Graphic Designer
0.57,0.4,0.7,0.8,2,1,Product Manager
0.98,0.7,0.6,0.8,3,1,Data Scientist
0.82,0.5,0.3,0.8,0,0,Business Analyst
0.81,0.8,0.4,0.3,0,0,Software Engineer
0.97,0.1,0.2,0.8,0,0,Graphic Designer
0.88,0.6,0.3,0.5,0,0,Product Manager
0.98,0.9,0.8,0.8,1,1,Graphic Designer
0.92,0.8,0.8,0.9,2,1,Product Manager
0.84,0.9,0.1,0.1,3,0,Graphic Designer
0.78,0.6,0.7,0.8,3,0,Data Scientist
0.52,0.3,0.9,0.5,1,1,Graphic Designer
0.77,0.3,0.5,0.7,3,0,Data Scientist
0.86,0.8,0.9,0.9,3,1,Data Scientist
0.85,0.3,0.9,0.1,3,1,HR Manager
0.81,1.0,0.7,1.0,2,1,Product Manager
0.7,0.1,0.1,1.0,0,0,Business Analyst
0.72,1.0,0.1,0.6,3,0,Graphic Designer
0.72,0.6,0.7,0.6,0,0,Data Scientist
0.65,0.5,1.0,0.2,0,1,HR Manager
0.57,0.6,0.3,0.1,2,0,Graphic Designer
0.92,0.7,1.0,0.9,3,1,Data Scientist
0.51,0.8,1.0,0.1,2,1,Product Manager
0.86,0.7,0.6,1.0,0,1,Software Engineer
0.56,0.4,0.6,0.8,2,0,Business Analyst
0.89,0.5,0.6,0.7,1,1,Graphic Designer
0.9,0.2,0.9,0.4,2,1,Product Manager
0.53,0.5,1.0,0.7,1,0,Graphic Designer
0.95,1.0,0.2,1.0,2,1,Software Engineer
0.86,0.9,0.8,0.7,1,1,Graphic Designer
1.0,0.2,0.5,0.9,2,1,Product Manager
0.84,0.6,0.4,0.7,3,1,Data Scientist
0.89,0.9,0.8,0.9,1,0,Graphic Designer
0.9,0.9,0.3,1.0,3,0,Data Scientist
0.92,0.8,0.5,0.9,3,0,Data Scientist
0.83,0.4,0.6,0.8,1,0,Graphic Designer
0.59,0.5,0.7,0.7,2,0,Business Analyst
0.9,0.4,0.7,0.5,2,0,Business Analyst
0.93,1.0,0.4,0.7,1,0,Graphic Designer
0.59,0.4,0.1,0.4,2,1,Graphic Designer
0.85,0.7,0.7,0.1,1,0,Graphic Designer
0.67,0.3,0.1,0.5,2,0,Product Manager
0.52,0.8,0.1,0.1,0,1,Software Engineer
0.88,0.5,0.2,0.7,2,0,Graphic Designer
0.96,0.3,0.4,0.2,0,1,Graphic Designer
0.55,0.4,1.0,0.2,2,1,Product Manager
0.87,0.7,0.4,0.7,1,0,Graphic Designer
0.56,0.3,0.4,0.5,3,1,Business Analyst
0.87,0.1,0.8,0.9,2,0,Business Analyst
0.7,0.9,0.7,0.8,1,1,Graphic Designer
1.0,0.3,0.6,0.8,2,1,Business Analyst
0.51,1.0,0.1,0.1,1,1,Graphic Designer
0.85,0.7,0.5,0.6,0,0,Software Engineer
0.78,0.7,0.1,0.7,2,1,Software Engineer
0.98,0.4,0.5,0.4,1,1,Graphic Designer
0.9,0.6,0.7,0.1,2,0,Graphic Designer
0.8,0.7,0.6,0.7,0,0,Software Engineer
0.94,0.5,0.9,0.2,2,1,Product Manager
0.88,0.9,0.6,0.8,0,0,Software Engineer
0.91,0.3,0.8,0.3,0,1,HR Manager
0.62,0.5,0.6,1.0,0,0,Business Analyst
0.6,0.4,0.9,0.3,3,1,HR Manager
0.78,0.8,0.3,0.5,1,1,Graphic Designer
0.68,0.4,0.2,0.7,2,0,Graphic Designer
0.74,1.0,0.4,0.1,0,0,Software Engineer
0.55,0.8,0.4,0.5,1,0,Graphic Designer
0.75,1.0,0.7,1.0,2,0,Business Analyst
0.55,0.6,0.3,1.0,0,0,Product Manager
0.83,0.7,0.8,0.8,0,0,Software Engineer
0.95,0.4,0.4,0.5,2,1,Graphic Designer
0.58,0.7,0.4,1.0,1,1,Graphic Designer
0.96,0.4,0.7,0.3,3,0,Software Engineer
0.68,0.5,0.4,1.0,3,0,Data Scientist
0.73,1.0,0.8,0.2,0,1,Software Engineer
0.58,0.6,0.7,0.4,3,1,Product Manager
0.88,0.5,0.2,0.2,0,0,Business Analyst
0.65,0.8,0.6,1.0,0,0,Software Engineer
0.66,0.9,1.0,0.7,2,1,Product Manager
0.92,0.6,0.3,0.9,0,0,Business Analyst
0.6,0.9,0.8,0.6,3,0,Software Engineer
0.7,0.9,0.7,0.3,2,0,Business Analyst
0.52,0.3,0.8,0.5,2,1,Product Manager
0.68,0.5,1.0,0.5,2,1,Product Manager
0.6,0.6,0.8,0.3,3,0,Data Scientist
0.59,0.1,0.4,0.3,0,1,Business Analyst
0.6,0.8,0.7,0.2,3,0,Graphic Designer
0.72,0.9,0.8,0.8,3,0,Data Scientist
0.96,0.3,0.2,0.6,0,0,Business Analyst
0.61,0.3,0.9,0.5,1,0,Graphic Designer
0.83,1.0,0.3,0.7,0,0,Software Engineer
0.99,0.8,0.2,0.6,0,1,Software Engineer
0.93,0.2,0.7,0.6,0,1,Data Scientist
0.51,0.2,0.8,0.8,3,1,Data Scientist
0.88,0.1,0.6,0.1,3,1,Product Manager
0.96,1.0,0.3,0.4,0,1,Software Engineer
0.7,0.1,0.2,0.9,3,0,Data Scientist
0.75,0.5,0.3,0.4,3,0,Software Engineer
0.63,0.3,0.7,0.7,2,0,Business Analyst
0.57,0.5,0.8,0.7,2,0,Business Analyst
0.72,0.2,0.6,0.9,1,1,Graphic Designer
0.78,0.7,0.8,0.5,3,0,Graphic Designer
0.73,1.0,0.3,0.7,3,0,Data Scientist
0.52,0.9,0.6,0.8,1,0,Graphic Designer
0.81,0.9,0.9,0.2,2,1,Product Manager
0.77,0.2,0.8,0.5,1,0,Graphic Designer
0.93,0.5,0.4,0.9,3,1,Data Scientist
0.86,0.1,0.9,0.2,0,0,HR Manager
0.77,0.7,0.2,0.8,2,1,Business Analyst
0.87,0.2,0.9,0.1,0,1,HR Manager
0.61,0.3,0.7,0.1,0,1,Product Manager
0.69,0.6,1.0,0.8,3,1,Data Scientist
0.71,0.3,0.4,0.3,0,1,Product Manager
0.56,0.7,0.9,0.1,0,1,Software Engineer
0.57,0.1,0.3,0.8,3,1,Data Scientist
0.92,1.0,0.8,0.5,2,1,Product Manager
0.69,0.2,0.3,0.3,0,0,Software Engineer
0.51,0.4,0.1,0.4,3,0,Product Manager
0.65,0.7,0.9,0.4,0,1,Software Engineer
0.99,0.8,0.3,0.8,3,0,Data Scientist
0.57,0.3,0.3,0.8,3,1,Data Scientist
0.51,0.8,1.0,0.4,1,1,Graphic Designer
0.86,0.7,0.1,0.6,0,0,Software Engineer
0.9,0.7,0.7,0.8,2,0,Business Analyst
0.81,0.7,0.8,0.9,3,0,Data Scientist
0.95,0.1,0.9,0.1,3,1,HR Manager
0.85,0.2,0.5,0.7,3,0,Data Scientist
0.81,1.0,0.6,0.8,3,0,Data Scientist
0.6,0.5,0.4,0.8,2,1,Data Scientist
0.82,0.4,1.0,0.6,3,0,Business Analyst
0.96,0.7,0.7,0.6,3,0,HR Manager
0.63,0.5,0.2,0.8,1,0,Graphic Designer
0.62,0.3,1.0,0.8,0,1,HR Manager
0.81,0.5,0.4,0.4,0,0,Business Analyst
0.66,0.6,0.3,0.3,0,0,Business Analyst
0.77,0.2,1.0,0.4,0,0,Graphic Designer
0.66,0.6,0.6,0.1,2,0,Product Manager
0.82,1.0,0.2,0.1,3,1,Software Engineer
0.56,1.0,1.0,0.2,0,0,Software Engineer
0.6,0.2,0.4,0.6,1,1,Graphic Designer
0.95,0.8,0.9,0.8,0,0,Software Engineer
0.91,0.6,0.6,0.3,0,0,Graphic Designer
0.76,0.1,0.4,0.8,2,1,HR Manager
0.6,0.2,0.5,0.6,3,1,Product Manager
0.92,0.4,0.3,0.9,3,0,Data Scientist
0.58,0.7,0.7,0.7,3,1,Data Scientist
0.51,0.8,0.3,0.1,0,0,Software Engineer
0.71,0.6,0.7,0.3,3,0,Graphic Designer
0.98,0.1,0.3,1.0,0,1,Graphic Designer
0.75,0.9,0.5,0.6,2,0,Business Analyst
0.83,1.0,0.3,0.7,3,0,Data Scientist
0.84,1.0,1.0,0.8,2,1,Product Manager
0.99,0.4,0.5,0.2,0,1,Graphic Designer
0.96,0.3,0.9,0.9,2,0,Business Analyst
0.55,0.9,0.9,0.5,2,0,Software Engineer
0.51,0.9,1.0,0.5,1,1,Graphic Designer
0.96,0.7,0.9,0.2,0,1,Software Engineer
0.66,0.9,0.6,0.2,0,0,Software Engineer
0.78,0.5,1.0,0.1,3,1,HR Manager
0.65,1.0,1.0,0.9,1,1,Graphic Designer
0.69,0.5,1.0,0.3,3,0,Software Engineer
0.7,0.9,1.0,0.4,2,1,Product Manager
0.56,0.3,0.7,0.7,0,0,Business Analyst
0.53,0.7,0.3,0.8,1,1,Graphic Designer
0.54,0.6,0.9,0.7,3,1,Data Scientist
0.87,0.8,0.7,0.8,3,1,Data Scientist
0.6,0.3,0.9,0.3,3,1,HR Manager
0.58,0.9,0.9,0.2,1,1,Graphic Designer
0.8,0.1,0.3,0.9,2,0,HR Manager
0.76,0.2,0.2,0.6,2,0,HR Manager
0.59,0.2,0.6,0.5,2,1,Business Analyst
0.81,0.1,0.3,0.3,3,0,Business Analyst
0.68,0.4,0.3,0.8,0,0,HR Manager
0.72,0.2,0.1,0.7,3,1,Data Scientist
0.86,0.8,0.6,0.7,3,0,Data Scientist
0.98,0.3,0.9,0.8,3,1,Data Scientist
0.59,0.6,0.2,1.0,3,1,Data Scientist
0.64,0.7,0.6,0.9,0,1,Software Engineer
0.97,0.5,0.2,0.3,0,1,HR Manager
0.91,0.2,0.9,0.2,1,0,Graphic Designer
0.86,0.9,0.4,0.8,0,0,Software Engineer
0.92,0.9,0.3,0.1,2,0,Data Scientist
0.95,1.0,0.8,0.2,2,1,Product Manager
0.87,0.1,0.8,0.1,2,1,Product Manager
0.61,0.7,0.1,0.9,2,1,Business Analyst
0.55,0.2,0.2,0.9,1,1,Graphic Designer
0.59,0.3,0.5,0.2,1,1,Graphic Designer
0.76,0.3,0.1,1.0,2,0,Software Engineer
0.95,0.1,0.5,0.7,0,1,Data Scientist
0.76,0.6,0.5,0.7,0,0,Data Scientist
0.65,1.0,1.0,0.4,3,1,HR Manager
0.57,0.5,0.1,0.6,3,1,Software Engineer
0.8,0.1,0.7,0.4,0,1,HR Manager
0.87,0.2,0.4,0.9,1,1,Graphic Designer
0.86,0.7,0.8,0.2,1,0,Graphic Designer
0.73,0.9,0.3,0.4,3,1,Software Engineer
0.5,0.8,1.0,0.5,1,0,Graphic Designer
0.53,0.8,0.5,1.0,2,1,Business Analyst
0.9,0.4,1.0,0.9,2,0,Business Analyst
0.6,0.9,1.0,0.2,2,0,Graphic Designer
0.94,0.2,0.3,0.9,2,1,Data Scientist
0.89,0.9,0.6,0.6,2,1,Business Analyst
0.65,0.6,0.6,0.4,3,1,Software Engineer
0.94,0.3,0.1,1.0,3,0,Data Scientist
0.5,0.3,0.7,0.9,3,1,Data Scientist
0.84,0.2,0.2,0.9,0,1,Product Manager
0.57,0.6,0.7,1.0,2,1,Product Manager
0.61,0.1,0.2,0.8,2,0,Graphic Designer
0.5,0.4,0.1,0.5,2,0,Software Engineer
0.89,0.5,0.4,0.4,3,1,Software Engineer
0.67,0.8,1.0,0.4,0,0,Software Engineer
0.9,0.7,0.2,0.5,3,0,HR Manager
0.62,1.0,1.0,1.0,1,0,Graphic Designer
0.87,0.3,0.2,0.3,2,0,HR Manager
0.96,0.5,0.4,0.1,2,1,Software Engineer
0.77,0.1,0.6,0.7,3,1,Data Scientist
0.57,0.9,0.8,0.8,2,0,Business Analyst
0.96,0.4,0.1,0.5,3,1,Business Analyst
0.5,0.7,0.4,0.6,0,0,Software Engineer
0.97,0.4,0.7,0.2,1,0,Graphic Designer
0.6,0.6,0.5,0.2,0,0,Graphic Designer
0.77,0.1,1.0,0.6,2,0,Software Engineer
0.8,0.4,0.6,0.1,2,0,Software Engineer
0.99,1.0,1.0,0.8,0,1,Software Engineer
0.87,0.2,0.2,0.1,0,1,Business Analyst
0.94,0.2,0.3,0.1,3,0,Business Analyst
0.89,0.7,0.2,0.2,0,0,Software Engineer
0.68,0.7,0.7,0.2,3,0,HR Manager
1.0,1.0,0.1,0.8,3,1,Data Scientist
1.0,0.7,1.0,1.0,0,1,Software Engineer
0.91,0.1,0.8,0.9,2,0,Business Analyst
0.56,0.2,0.1,1.0,0,0,HR Manager
0.58,0.9,0.5,0.6,3,1,Product Manager
0.89,0.8,0.3,0.4,1,0,Graphic Designer
0.53,0.3,0.5,1.0,3,1,Data Scientist
0.69,1.0,0.9,0.3,1,1,Graphic Designer
0.69,1.0,0.6,0.5,2,0,HR Manager
0.87,0.3,0.1,0.4,0,1,Business Analyst
0.62,0.4,0.4,0.2,2,0,Product Manager
0.8,0.8,1.0,0.6,2,1,Product Manager
0.76,0.6,0.3,0.2,3,0,Graphic Designer
0.64,0.1,0.4,0.4,3,0,Data Scientist
0.8,0.6,0.7,0.4,3,0,Software Engineer
0.73,0.1,0.2,0.6,0,0,Data Scientist
0.68,0.8,0.4,1.0,2,0,Software Engineer
0.62,0.4,0.5,0.3,1,1,Graphic Designer
0.96,0.3,0.6,0.9,1,0,Graphic Designer
0.62,0.1,0.3,0.5,0,0,Product Manager
0.58,0.7,0.2,0.6,1,1,Graphic Designer
0.79,0.4,0.6,0.6,1,1,Graphic Designer
0.95,0.2,0.2,0.3,1,0,Graphic Designer
0.62,0.9,0.7,0.6,2,1,Product Manager
0.9,0.4,0.1,1.0,1,1,Graphic Designer
1.0,0.3,0.6,0.4,0,1,Data Scientist
0.82,1.0,0.8,0.4,0,1,Software Engineer
1.0,1.0,0.2,0.3,3,1,Graphic Designer
0.83,0.8,0.3,0.6,2,1,Product Manager
0.81,0.8,0.5,1.0,3,0,Data Scientist
0.63,0.4,0.4,0.8,1,1,Graphic Designer
0.63,0.5,0.7,0.7,1,1,Graphic Designer
0.66,0.9,0.2,0.3,0,1,Software Engineer
0.78,0.9,0.6,0.4,0,1,Software Engineer
0.82,1.0,0.6,0.7,3,1,Data Scientist
0.77,0.7,0.6,0.8,2,1,Business Analyst
0.74,0.1,0.3,0.8,1,1,Graphic Designer
0.91,0.2,0.6,0.2,2,0,Business Analyst
0.64,0.2,0.2,0.2,2,0,HR Manager
0.62,0.6,0.4,0.6,2,1,Product Manager
0.99,0.5,0.4,1.0,1,1,Graphic Designer
0.5,0.5,0.5,0.6,3,1,HR Manager
0.98,0.1,0.8,0.9,1,1,Graphic Designer
0.64,0.4,0.4,0.8,1,1,Graphic Designer
0.96,0.8,0.6,0.2,2,0,Graphic Designer
0.99,0.7,0.4,0.8,3,0,Data Scientist
0.73,0.3,1.0,0.3,2,0,Graphic Designer
0.92,0.6,0.6,0.4,3,1,Product Manager
0.98,0.7,0.9,0.5,2,0,HR Manager
1.0,0.1,0.3,0.3,2,1,Graphic Designer
0.63,0.7,0.2,0.9,3,0,Data Scientist
0.8,0.2,0.6,1.0,3,1,Data Scientist
0.55,0.3,0.2,0.9,1,0,Graphic Designer
0.94,1.0,0.8,0.1,1,0,Graphic Designer
0.54,0.7,0.5,0.4,1,1,Graphic Designer
0.92,0.9,0.2,0.8,0,1,Software Engineer
0.83,0.1,0.3,0.6,3,1,Data Scientist
0.57,0.3,0.9,0.7,3,0,Data Scientist
0.74,0.4,0.3,0.4,2,1,Product Manager
0.92,0.8,0.3,1.0,2,0,HR Manager
0.95,0.8,0.5,0.4,0,0,Software Engineer
0.78,0.2,0.7,1.0,1,1,Graphic Designer
0.86,0.8,0.8,0.8,0,0,Software Engineer
0.68,0.8,0.6,0.5,3,0,Graphic Designer
0.65,0.3,1.0,0.7,3,1,Data Scientist
0.92,0.3,1.0,0.2,3,0,Data Scientist
0.6,0.5,0.9,0.5,0,0,Graphic Designer
0.76,0.9,0.2,0.6,0,0,Software Engineer
0.82,0.6,0.7,0.8,1,1,Graphic Designer
0.63,0.9,0.1,0.8,0,0,Software Engineer
0.9,0.8,0.7,0.6,3,0,Graphic Designer
0.52,0.1,0.5,0.2,1,1,Graphic Designer
0.92,0.8,0.8,0.8,0,0,Software Engineer
0.85,0.4,0.8,0.3,3,1,HR Manager
0.6,0.3,0.1,1.0,0,0,Business Analyst
0.57,0.9,0.7,0.3,0,0,Software Engineer
0.93,0.5,0.3,0.8,2,0,Data Scientist
0.95,0.1,0.9,0.4,3,0,Product Manager
0.83,0.2,0.7,0.5,3,0,HR Manager
0.5,0.1,0.7,0.4,1,1,Graphic Designer
0.65,0.4,0.2,0.1,3,0,Software Engineer
0.71,0.4,0.2,0.4,0,0,Product Manager
0.6,0.1,0.7,0.9,0,1,Business Analyst
0.7,0.9,0.4,1.0,1,1,Graphic Designer
0.77,0.2,0.4,0.4,0,1,Business Analyst
0.61,0.1,0.7,0.6,0,1,Data Scientist
0.79,0.4,0.2,0.5,2,0,Software Engineer
0.63,0.7,0.5,1.0,3,0,Data Scientist
0.95,0.9,1.0,0.3,2,0,HR Manager
0.7,0.7,0.3,0.6,1,1,Graphic Designer
0.92,0.8,0.2,0.6,0,1,Software Engineer
0.74,0.9,0.4,0.9,0,0,Software Engineer
0.51,1.0,0.2,0.5,1,1,Graphic Designer
0.98,0.4,1.0,0.2,0,0,Business Analyst
0.81,0.5,0.4,0.3,3,0,Product Manager
0.52,0.4,1.0,0.8,2,0,Business Analyst
0.67,0.6,0.1,0.9,3,1,Data Scientist
0.98,0.1,0.4,0.6,2,0,Data Scientist
0.84,0.1,0.4,0.4,3,1,Data Scientist
0.78,0.1,0.2,0.8,0,0,Software Engineer
0.9,0.3,0.4,0.3,0,0,HR Manager
0.85,0.4,0.4,0.9,0,1,Product Manager
0.79,0.5,0.3,0.4,1,1,Graphic Designer
0.61,1.0,0.4,0.5,2,1,Product Manager
0.62,0.5,0.8,0.2,2,1,Product Manager
0.74,0.3,0.8,0.8,3,1,Data Scientist
0.98,0.3,0.8,0.1,3,1,HR Manager
0.55,0.5,1.0,0.9,1,0,Graphic Designer
0.66,0.7,0.8,0.5,3,1,HR Manager
0.74,0.9,1.0,0.8,0,1,Software Engineer
0.58,0.8,0.4,0.3,1,0,Graphic Designer
0.5,0.9,0.6,0.8,3,1,Data Scientist
0.75,0.6,0.7,0.8,2,0,Business Analyst
0.76,0.1,0.2,0.7,1,0,Graphic Designer
0.98,0.7,0.5,0.6,3,1,Product Manager
0.53,0.7,0.7,0.4,1,1,Graphic Designer
0.52,0.6,0.1,0.3,2,1,Product Manager
0.59,0.5,0.4,1.0,1,0,Graphic Designer
0.57,0.2,0.7,0.7,0,0,Business Analyst
0.77,0.3,0.7,0.5,2,1,Product Manager
0.87,0.5,0.7,0.2,0,1,Data Scientist
0.67,0.4,0.7,0.5,0,0,Graphic Designer
0.5,0.2,0.2,0.7,3,1,Data Scientist
0.96,0.7,0.3,0.3,2,0,Product Manager
0.58,0.4,0.8,0.3,0,1,HR Manager
0.86,0.4,0.3,0.4,0,0,Data Scientist
0.66,0.7,0.8,1.0,0,0,Software Engineer
0.55,0.5,0.2,0.7,0,1,Software Engineer
0.71,0.1,1.0,0.4,3,1,HR Manager
0.93,0.2,0.1,0.1,2,0,Product Manager
0.87,0.1,0.2,0.4,0,1,HR Manager
0.83,0.5,0.8,0.8,2,1,Product Manager
0.71,0.6,0.6,0.6,1,1,Graphic Designer
0.92,0.7,0.7,1.0,0,1,Software Engineer
0.71,0.2,0.1,0.8,3,0,Data Scientist
0.51,1.0,0.2,0.9,2,0,Business Analyst
0.78,1.0,0.8,0.9,3,0,Data Scientist
0.5,0.6,0.1,0.6,0,1,Product Manager
0.78,0.4,1.0,0.8,3,0,Data Scientist
0.72,0.7,0.8,0.2,3,1,HR Manager
0.88,0.4,0.3,0.9,0,0,Graphic Designer
1.0,0.2,0.5,0.9,3,0,Data Scientist
0.78,0.2,0.8,0.9,1,0,Graphic Designer
0.63,0.3,0.2,0.2,3,0,Data Scientist
0.7,0.7,0.5,0.4,2,1,Product Manager
0.57,0.3,0.9,0.8,0,1,HR Manager
0.64,1.0,1.0,0.2,2,1,Product Manager
0.95,0.7,0.9,0.7,1,0,Graphic Designer
0.66,0.2,0.5,0.2,0,0,Business Analyst
0.97,1.0,0.4,0.2,2,0,Business Analyst
0.74,1.0,0.1,0.5,0,0,Software Engineer
0.74,0.7,0.6,0.6,1,0,Graphic Designer
0.56,0.7,0.1,0.9,3,1,Data Scientist
0.59,0.5,0.4,0.8,3,0,Data Scientist
0.88,0.5,0.3,0.1,2,1,HR Manager
0.94,0.2,0.5,1.0,3,0,Data Scientist
0.81,0.5,0.7,0.1,2,0,Product Manager
0.63,0.4,0.1,0.3,3,1,Business Analyst
0.92,0.3,0.1,0.9,3,1,Data Scientist
0.77,0.8,0.6,0.7,3,0,Data Scientist
0.83,0.5,0.5,0.4,3,0,Data Scientist
0.7,1.0,0.1,0.5,3,0,HR Manager
0.58,0.8,0.8,0.5,1,0,Graphic Designer
0.63,0.4,0.1,0.6,0,0,Graphic Designer
0.77,0.3,0.1,0.2,2,1,Data Scientist
0.53,0.2,0.9,0.6,3,0,Product Manager
0.96,0.7,0.4,0.1,0,0,Software Engineer
0.75,0.8,0.5,1.0,1,1,Graphic Designer
0.99,0.2,0.8,0.7,2,1,Product Manager
0.73,0.1,0.2,0.2,0,0,Graphic Designer
0.91,0.9,0.4,0.1,3,1,Product Manager
0.97,0.2,1.0,0.3,3,1,HR Manager
0.91,0.7,0.5,1.0,1,0,Graphic Designer
0.7,0.2,0.9,0.3,3,0,Graphic Designer
0.85,0.9,0.9,0.8,0,0,Software Engineer
0.98,0.4,0.2,0.3,1,0,Graphic Designer
0.85,0.8,0.6,0.2,0,0,Software Engineer
0.86,0.4,0.3,0.2,2,0,Software Engineer
0.57,0.9,0.5,0.6,1,1,Graphic Designer
0.92,0.1,0.4,0.5,0,1,Product Manager
0.84,0.8,0.3,1.0,3,1,Data Scientist
0.83,0.6,1.0,0.9,1,0,Graphic Designer
0.92,0.1,0.4,0.1,1,0,Graphic Designer
0.69,0.4,0.3,1.0,1,1,Graphic Designer
0.67,0.3,1.0,0.7,0,1,HR Manager
0.66,0.7,0.3,0.7,3,0,Data Scientist
0.66,0.7,0.3,0.9,1,0,Graphic Designer
0.9,0.5,0.4,0.6,1,1,Graphic Designer
0.59,0.6,0.7,0.7,0,0,Business Analyst
0.54,0.5,0.2,0.9,0,1,Software Engineer
0.71,0.2,0.6,0.6,2,0,Data Scientist
0.67,0.1,0.2,0.7,1,1,Graphic Designer
0.56,0.2,0.3,0.9,2,1,Software Engineer
0.83,0.6,1.0,0.5,2,0,Software Engineer
0.6,0.6,0.7,0.3,2,1,Product Manager
0.8,1.0,0.3,0.5,0,0,Software Engineer
0.92,0.3,0.3,0.7,2,0,Product Manager
0.9,0.6,0.4,1.0,3,1,Data Scientist
0.61,0.8,0.6,0.8,2,1,Business Analyst
0.77,0.9,0.4,0.5,0,1,Software Engineer
0.76,0.6,0.2,0.2,0,0,Software Engineer
0.6,1.0,0.1,0.2,2,1,Software Engineer
0.77,0.9,0.3,0.8,3,0,Data Scientist
0.75,0.1,1.0,0.4,0,1,HR Manager
0.94,0.9,0.6,0.4,0,1,Software Engineer
0.6,0.9,0.4,0.3,0,1,Software Engineer
0.58,0.9,0.6,0.1,3,1,Graphic Designer
0.6,0.6,0.2,0.6,1,0,Graphic Designer
0.68,0.5,0.8,0.5,2,0,Software Engineer
0.97,1.0,0.7,0.4,2,0,Graphic Designer
0.89,0.8,0.1,0.6,0,1,Software Engineer
0.71,0.5,0.6,0.2,0,1,Product Manager
0.61,0.7,0.6,0.1,0,1,Software Engineer
0.81,0.4,0.2,0.9,1,1,Graphic Designer
0.57,0.8,0.1,0.3,2,0,Graphic Designer
0.75,0.6,0.5,0.6,3,0,HR Manager
0.67,0.2,0.8,0.8,1,0,Graphic Designer
0.72,0.7,0.1,0.6,1,0,Graphic Designer
0.62,0.5,0.1,0.3,3,1,Product Manager
0.71,0.1,0.3,0.4,3,1,Software Engineer
0.76,0.8,0.9,0.8,1,1,Graphic Designer
0.98,0.7,0.9,0.7,1,0,Graphic Designer
0.56,0.1,0.3,0.3,2,0,Product Manager
0.65,0.1,0.6,0.7,0,1,Business Analyst
0.8,0.5,0.5,0.8,0,1,Data Scientist
0.89,0.3,0.9,0.3,1,1,Graphic Designer
0.99,0.2,0.5,0.4,3,0,Graphic Designer
0.95,0.2,0.9,1.0,1,0,Graphic Designer
0.87,0.3,0.4,0.2,1,1,Graphic Designer
0.52,0.5,0.4,0.3,3,0,HR Manager
0.62,0.2,0.1,0.7,3,1,Data Scientist
0.94,0.4,0.4,0.6,3,1,Software Engineer
0.82,0.7,0.1,0.5,0,1,Software Engineer
0.73,0.5,0.6,0.7,1,1,Graphic Designer
0.53,0.3,0.1,0.1,0,1,Data Scientist
0.68,0.8,0.5,1.0,0,1,Software Engineer
0.61,0.5,0.8,0.6,2,1,Product Manager
0.57,0.2,0.1,0.9,1,1,Graphic Designer
0.73,0.6,1.0,0.9,2,0,Business Analyst
0.91,0.5,0.4,1.0,3,0,Data Scientist
0.56,0.3,1.0,0.2,0,0,Data Scientist
0.95,0.8,0.2,0.2,2,1,Product Manager
0.8,0.4,0.9,0.3,0,0,Data Scientist
0.76,0.9,0.5,0.9,2,1,Graphic Designer
0.9,0.2,0.7,0.2,3,1,HR Manager
0.82,0.1,0.3,1.0,2,0,Business Analyst
0.52,1.0,0.1,0.4,3,1,Product Manager
0.84,0.9,0.2,0.3,3,1,HR Manager
0.99,0.7,0.7,1.0,2,0,Business Analyst
0.61,0.1,0.3,1.0,1,0,Graphic Designer
1.0,0.9,0.8,0.9,2,1,Product Manager
0.64,0.5,0.5,0.9,0,0,Data Scientist
0.52,0.9,0.4,0.5,0,0,Software Engineer
0.67,0.3,0.5,0.1,1,0,Graphic Designer
0.84,0.2,0.1,0.6,2,1,Software Engineer
0.95,0.9,0.5,0.3,3,1,Business Analyst
0.53,0.1,0.6,0.4,2,0,Business Analyst
0.51,0.9,1.0,0.2,3,1,HR Manager
0.9,1.0,0.9,0.4,3,0,Business Analyst
0.67,0.4,1.0,0.7,1,1,Graphic Designer
0.64,0.7,0.6,0.3,3,0,Graphic Designer
0.61,0.8,0.3,0.3,1,1,Graphic Designer
0.96,0.3,0.5,0.1,2,0,Data Scientist
0.75,1.0,0.4,0.2,1,0,Graphic Designer
0.77,0.4,0.8,0.7,0,0,Business Analyst
0.96,0.1,1.0,0.2,3,1,HR Manager
0.51,0.2,0.1,0.1,1,0,Graphic Designer
0.99,0.2,0.5,0.3,0,0,Software Engineer
0.84,0.6,0.2,0.4,1,1,Graphic Designer
0.98,1.0,0.8,0.3,2,1,Product Manager
0.8,0.3,0.4,0.1,2,0,Software Engineer
0.52,0.2,0.9,0.5,0,1,HR Manager
0.59,0.1,0.4,0.1,1,1,Graphic Designer
0.74,0.3,0.6,0.5,1,1,Graphic Designer
0.93,0.2,0.8,0.3,0,0,Software Engineer
0.68,0.6,0.2,1.0,2,0,Business Analyst
0.55,0.1,1.0,0.3,1,1,Graphic Designer
0.83,0.6,1.0,0.3,3,0,Product Manager
0.93,0.5,1.0,0.5,2,0,Business Analyst
0.81,0.6,0.5,0.2,0,0,Product Manager
0.59,0.6,0.3,0.7,3,1,Data Scientist
0.54,0.2,1.0,0.7,2,0,Business Analyst
0.55,0.6,0.3,0.3,3,1,Business Analyst
0.81,0.7,0.8,0.7,2,0,Business Analyst
0.91,0.4,0.7,0.7,3,1,Data Scientist
0.84,0.9,0.4,0.7,0,1,Software Engineer
0.83,1.0,0.4,0.2,1,1,Graphic Designer
0.5,0.4,0.1,0.6,3,0,Software Engineer
0.53,0.6,0.6,0.3,2,1,Data Scientist
0.85,0.7,0.4,0.4,1,0,Graphic Designer
0.97,0.3,0.2,0.3,3,0,Product Manager
0.77,0.6,0.1,0.2,0,1,HR Manager
0.6,0.1,0.3,0.6,1,0,Graphic Designer
0.65,0.2,0.1,1.0,3,0,Data Scientist
0.98,0.3,0.8,0.3,2,1,Product Manager
0.76,0.6,0.8,0.1,2,0,Data Scientist
0.53,0.1,1.0,0.3,1,0,Graphic Designer
0.75,0.7,0.8,0.9,2,1,Product Manager
0.95,0.4,0.7,0.3,2,0,HR Manager
0.74,0.3,0.4,0.7,0,0,Graphic Designer
0.61,0.9,1.0,0.2,3,1,HR Manager
0.7,0.7,0.7,0.3,0,1,Software Engineer
0.91,0.7,0.4,0.5,0,0,Software Engineer
0.54,0.6,1.0,0.6,0,0,Business Analyst
0.6,0.9,0.2,0.2,1,0,Graphic Designer
0.98,0.5,0.4,0.9,1,0,Graphic Designer
0.65,0.5,0.2,1.0,0,1,Software Engineer
0.53,0.6,0.2,0.5,0,1,Business Analyst
0.75,0.9,0.4,0.6,3,1,Data Scientist
0.94,0.2,0.6,0.7,0,0,Business Analyst
0.51,1.0,0.7,0.8,0,1,Software Engineer
0.6,0.3,0.8,0.2,0,0,Data Scientist
0.93,0.3,0.3,0.9,2,1,Data Scientist
0.71,0.5,0.6,1.0,3,0,Data Scientist
0.95,0.7,0.4,0.4,0,0,Software Engineer
0.86,0.8,0.2,0.1,1,1,Graphic Designer
0.85,0.2,0.8,0.2,3,1,HR Manager
0.6,0.5,0.3,0.2,2,1,Business Analyst
0.55,0.2,0.3,0.8,2,1,Business Analyst
0.98,0.8,0.3,0.2,3,0,Business Analyst
0.68,0.7,0.7,1.0,1,1,Graphic Designer
0.73,0.9,1.0,0.6,2,0,Product Manager
0.76,0.9,0.8,0.5,0,0,Software Engineer
0.97,0.4,0.9,0.1,1,0,Graphic Designer
0.68,0.7,0.3,1.0,3,0,Data Scientist
0.64,0.7,0.8,0.2,2,1,Product Manager
0.79,0.9,0.8,0.2,0,0,Software Engineer
0.96,0.2,0.7,0.7,1,1,Graphic Designer
0.71,0.2,0.6,0.6,3,0,Product Manager
0.97,0.8,0.2,0.5,3,0,HR Manager
0.59,0.8,0.3,0.4,2,0,HR Manager
0.99,0.7,0.1,0.6,3,1,Data Scientist
0.53,0.4,0.1,0.7,2,1,Product Manager
0.61,0.2,0.3,0.2,2,1,Software Engineer
0.69,0.8,0.7,0.9,1,1,Graphic Designer
0.61,0.1,0.2,0.7,2,1,Data Scientist
0.62,0.6,0.7,0.8,3,0,Data Scientist
0.94,0.7,0.6,1.0,3,0,Data Scientist
0.85,1.0,0.4,0.2,1,1,Graphic Designer
0.92,0.6,0.1,0.3,3,0,Graphic Designer
0.7,0.2,0.7,0.5,0,1,Data Scientist
0.9,0.8,1.0,0.2,0,0,Software Engineer
0.97,0.4,0.7,0.9,1,1,Graphic Designer
0.63,0.6,0.4,0.4,0,1,Business Analyst
0.51,0.5,0.5,0.9,0,1,Product Manager
0.79,0.7,0.7,0.6,2,1,Product Manager
0.83,0.6,0.2,0.3,3,1,Business Analyst
0.61,0.9,1.0,0.3,3,1,HR Manager
0.68,0.7,0.5,1.0,0,0,Software Engineer
0.56,0.2,0.1,1.0,3,0,Data Scientist
0.81,1.0,0.9,0.2,3,0,Product Manager
0.68,0.7,0.4,0.4,3,1,Software Engineer
0.62,0.8,0.2,0.6,3,1,Product Manager
0.95,0.7,0.1,0.6,1,1,Graphic Designer
0.67,0.5,0.5,0.7,1,0,Graphic Designer
0.76,0.1,0.1,0.1,1,1,Graphic Designer
0.83,1.0,0.6,0.6,1,1,Graphic Designer
0.65,0.9,0.7,0.4,3,0,HR Manager
0.77,0.3,0.7,0.3,3,1,HR Manager
0.6,0.7,0.4,0.2,1,0,Graphic Designer
0.9,1.0,0.7,0.5,1,1,Graphic Designer
0.63,0.2,0.2,0.1,3,0,Product Manager
0.99,1.0,0.3,0.1,0,1,Software Engineer
0.51,0.3,0.8,0.6,1,0,Graphic Designer
0.91,0.4,0.5,0.4,1,1,Graphic Designer
0.99,0.5,0.1,0.5,0,0,Product Manager
0.51,1.0,0.2,0.2,3,0,Software Engineer
0.59,0.5,0.5,0.3,0,0,Graphic Designer
0.73,0.4,0.7,0.2,3,0,Graphic Designer
0.54,0.8,0.2,0.4,3,1,Business Analyst
0.9,0.8,0.3,0.3,2,0,Data Scientist
0.92,1.0,1.0,0.1,0,1,Software Engineer
0.72,0.8,1.0,1.0,0,0,Software Engineer
0.83,0.5,0.2,0.4,0,0,HR Manager
0.82,0.3,0.4,0.6,0,0,Software Engineer
0.7,0.3,0.4,0.2,1,1,Graphic Designer
0.67,0.8,0.4,0.2,2,1,Graphic Designer
0.97,0.8,0.7,0.9,3,0,Data Scientist
0.66,0.3,0.4,0.5,3,0,HR Manager
1.0,1.0,0.5,0.3,1,1,Graphic Designer
0.77,0.8,0.7,1.0,2,1,Product Manager
0.89,0.2,1.0,0.7,3,0,Data Scientist
0.86,0.6,0.6,0.2,3,0,Software Engineer
0.82,0.5,1.0,0.7,2,1,Product Manager
0.75,0.1,0.2,0.3,2,1,Data Scientist
0.72,0.4,0.2,0.4,2,1,Data Scientist
0.99,0.6,0.2,0.1,2,0,Product Manager
0.71,0.4,0.8,1.0,2,0,Business Analyst
0.85,0.2,0.7,0.5,1,0,Graphic Designer
0.56,0.9,0.5,1.0,0,1,Software Engineer
0.93,0.7,0.6,0.6,1,0,Graphic Designer
0.53,0.8,0.8,0.1,2,1,Product Manager
0.57,0.2,0.8,0.3,2,1,Product Manager
0.65,1.0,0.1,0.5,0,0,Software Engineer
0.79,0.5,0.3,0.7,0,0,Business Analyst
0.91,0.1,0.2,0.8,0,1,Product Manager
0.69,0.5,0.6,0.6,3,0,HR Manager
0.99,0.6,0.8,1.0,0,1,HR Manager
0.69,0.8,0.8,0.2,2,0,Software Engineer
0.64,0.1,0.1,0.3,0,1,Product Manager
0.96,0.7,0.4,0.3,0,0,Software Engineer
0.96,0.6,0.9,0.1,0,1,HR Manager
1.0,0.1,0.2,0.1,2,0,Business Analyst
0.71,1.0,0.7,0.5,1,0,Graphic Designer
0.87,0.8,0.2,0.3,2,0,HR Manager
0.76,0.8,0.2,0.9,1,1,Graphic Designer
0.92,0.8,0.5,0.6,3,0,Software Engineer
0.66,0.5,0.2,0.6,1,0,Graphic Designer
0.94,0.2,0.2,0.8,0,0,Software Engineer
0.92,0.4,0.8,0.7,1,1,Graphic Designer
0.56,0.6,0.4,1.0,2,1,Product Manager
0.79,0.3,0.9,0.2,1,0,Graphic Designer
0.73,0.7,0.8,1.0,1,1,Graphic Designer
0.62,0.2,0.5,0.7,1,1,Graphic Designer
0.86,0.2,0.3,0.8,0,0,Data Scientist
0.51,0.8,0.3,0.5,0,1,Software Engineer
0.92,0.9,0.8,0.6,2,0,HR Manager
0.55,0.6,0.7,0.4,1,1,Graphic Designer
0.82,0.7,0.9,0.6,0,1,Software Engineer
0.67,0.6,0.2,0.1,3,1,Data Scientist
0.68,0.4,0.7,0.3,2,1,Product Manager
0.83,0.7,0.2,0.1,1,0,Graphic Designer
0.64,0.2,0.1,0.1,2,0,Software Engineer
0.84,0.2,0.5,0.4,3,1,Graphic Designer
0.56,0.4,0.5,0.8,1,0,Graphic Designer
1.0,0.4,0.6,0.5,2,0,Software Engineer
0.61,0.9,1.0,0.8,2,0,Business Analyst
0.6,0.6,0.2,0.3,1,1,Graphic Designer
0.79,0.3,0.1,0.8,3,1,Data Scientist
0.51,0.3,0.5,0.2,1,0,Graphic Designer
0.88,0.6,0.8,1.0,0,1,HR Manager
0.65,0.8,0.2,0.1,0,1,Software Engineer
0.64,0.9,0.9,0.3,1,0,Graphic Designer
0.56,0.5,0.6,0.8,3,1,Data Scientist
0.84,0.5,0.8,0.5,2,1,Product Manager
0.5,0.6,0.5,0.6,3,0,Business Analyst
0.93,0.9,0.1,0.3,3,0,Product Manager
0.59,0.6,0.8,0.1,1,1,Graphic Designer
0.73,0.4,0.2,0.4,3,0,Business Analyst
0.9,0.9,0.8,0.9,1,1,Graphic Designer
0.93,0.6,0.6,0.7,3,1,Data Scientist
0.69,0.4,0.1,1.0,2,0,Graphic Designer
1.0,0.8,1.0,0.6,2,0,Software Engineer
0.81,0.3,0.8,0.3,2,0,Business Analyst
0.81,0.5,0.2,0.5,0,1,Software Engineer
0.63,0.5,1.0,0.2,0,1,HR Manager
0.69,0.1,0.7,0.6,0,0,Business Analyst
0.58,0.6,0.5,0.9,1,0,Graphic Designer
0.95,0.5,0.3,0.4,3,0,Business Analyst
0.64,0.1,0.8,0.6,1,1,Graphic Designer
0.77,0.7,0.2,0.5,2,1,Data Scientist
0.86,0.7,0.6,1.0,1,0,Graphic Designer
0.66,0.3,0.7,0.9,1,1,Graphic Designer
0.69,0.2,0.5,1.0,3,0,Data Scientist
0.74,0.7,0.2,0.3,3,1,HR Manager
0.93,0.6,0.8,0.6,3,1,HR Manager
0.76,0.7,0.8,0.1,0,1,Software Engineer
0.55,0.3,1.0,0.5,1,1,Graphic Designer
0.58,1.0,0.9,1.0,2,0,Business Analyst
0.98,0.7,0.3,0.7,0,1,Software Engineer
0.98,0.9,0.8,0.1,0,0,Software Engineer
0.67,0.2,0.6,1.0,0,1,Business Analyst
0.86,0.8,0.6,0.1,0,0,Software Engineer
0.94,0.4,0.9,0.3,3,0,Data Scientist
0.93,0.3,0.5,0.5,0,1,HR Manager
0.94,0.4,0.2,0.2,0,0,HR Manager
0.57,0.9,0.2,0.4,1,0,Graphic Designer
0.8,0.1,0.9,0.8,3,0,Data Scientist
0.57,0.5,0.7,0.8,1,0,Graphic Designer
0.84,0.5,1.0,0.8,0,1,HR Manager
0.59,0.1,0.3,0.3,1,0,Graphic Designer
0.82,0.9,0.4,0.8,3,1,Data Scientist
0.68,0.2,1.0,0.8,2,1,Product Manager
0.75,0.7,0.2,0.8,3,1,Data Scientist
0.59,0.1,0.5,0.8,0,1,Software Engineer
0.87,0.5,0.1,1.0,3,0,Data Scientist
0.72,0.3,0.8,0.8,2,0,Business Analyst
0.6,0.6,0.9,0.9,1,1,Graphic Designer
0.95,0.9,0.7,0.9,0,0,Software Engineer
0.91,0.3,0.6,1.0,2,1,Business Analyst
0.95,0.3,0.5,0.5,3,0,Product Manager
0.8,0.7,0.8,1.0,1,1,Graphic Designer
0.58,0.6,1.0,1.0,2,1,Product Manager
0.54,0.1,0.1,0.3,1,0,Graphic Designer
0.92,0.2,0.8,0.8,2,0,Business Analyst
0.99,0.4,0.2,0.3,3,1,Software Engineer
0.53,1.0,0.5,0.2,0,0,Software Engineer
0.78,0.6,1.0,0.1,1,1,Graphic Designer
0.56,0.8,0.7,0.3,1,0,Graphic Designer
0.66,0.8,0.8,0.5,1,0,Graphic Designer
0.97,0.3,0.7,0.9,1,0,Graphic Designer
0.87,0.1,0.2,0.4,0,0,Software Engineer
0.73,0.7,1.0,0.9,0,1,Software Engineer
0.61,0.9,0.8,0.4,1,1,Graphic Designer
0.82,0.6,0.6,1.0,1,0,Graphic Designer
0.78,0.7,0.7,0.2,0,0,Software Engineer
1.0,0.9,0.5,0.2,0,1,Software Engineer
0.64,0.1,1.0,0.9,2,0,Business Analyst
0.64,0.5,0.5,0.7,2,0,Data Scientist
0.68,0.2,0.9,1.0,1,1,Graphic Designer
0.75,1.0,0.1,0.9,0,1,Software Engineer
0.66,0.1,0.1,0.6,3,1,Data Scientist
0.71,0.1,0.3,0.4,2,0,Data Scientist
0.81,0.2,1.0,1.0,0,1,HR Manager
0.54,0.7,1.0,1.0,0,1,Software Engineer
0.58,0.5,0.1,0.2,0,1,HR Manager
0.64,0.6,0.7,0.8,2,0,Business Analyst
0.51,0.1,0.1,0.4,3,0,HR Manager
0.8,0.1,0.7,0.7,1,1,Graphic Designer
0.94,0.7,0.9,0.3,0,1,Software Engineer
0.57,1.0,0.6,0.6,1,1,Graphic Designer
0.77,0.1,0.4,0.4,0,0,Data Scientist
0.76,0.9,1.0,0.1,0,0,Software Engineer
0.53,0.2,0.1,0.3,3,0,Business Analyst
0.52,0.6,0.6,1.0,1,1,Graphic Designer
0.58,1.0,0.7,0.8,0,0,Software Engineer
0.54,0.5,0.9,0.4,3,1,HR Manager
0.64,0.8,0.5,0.6,2,0,HR Manager
0.67,0.6,0.9,0.9,0,0,Business Analyst
0.72,0.7,1.0,0.8,2,0,Business Analyst
0.63,0.3,0.9,0.4,2,0,Software Engineer
0.73,0.3,0.1,0.4,3,1,Software Engineer
0.51,0.8,0.1,0.5,2,1,Business Analyst
0.55,0.1,0.5,1.0,3,1,Data Scientist
0.51,0.7,0.7,0.8,0,0,Software Engineer
0.63,0.7,0.3,0.7,0,1,Software Engineer
0.52,0.9,0.6,0.1,2,1,HR Manager
0.63,0.1,0.6,1.0,3,1,Data Scientist
1.0,0.1,0.2,0.9,3,1,Data Scientist
0.84,0.8,0.7,1.0,2,0,Business Analyst
0.74,0.8,0.4,0.3,0,1,Software Engineer
0.93,0.5,0.2,0.4,2,1,HR Manager
0.75,0.1,1.0,0.5,2,1,Product Manager
0.92,0.5,1.0,0.1,0,1,HR Manager
0.86,0.6,0.5,0.3,3,1,Software Engineer
0.78,0.1,0.8,0.1,2,1,Product Manager
0.9,0.9,0.4,0.7,0,0,Software Engineer
0.67,1.0,0.9,0.6,0,1,Software Engineer
0.61,0.5,0.5,0.5,3,0,Data Scientist
0.9,0.3,0.3,1.0,0,0,Software Engineer
0.91,0.1,0.3,0.9,3,1,Data Scientist
0.52,0.9,0.4,0.1,2,1,Software Engineer
0.93,0.6,0.9,0.1,1,1,Graphic Designer
0.56,0.2,0.9,0.8,0,0,Business Analyst
0.65,0.4,0.6,1.0,2,1,Business Analyst
0.54,0.7,0.5,0.3,0,1,Software Engineer
0.88,0.6,0.6,0.7,2,1,Business Analyst
0.68,1.0,0.1,0.3,2,0,Business Analyst
0.59,1.0,0.1,0.2,1,1,Graphic Designer
0.82,0.9,1.0,0.6,1,1,Graphic Designer
0.87,0.1,0.3,0.7,0,0,Data Scientist
0.86,0.9,1.0,0.9,3,0,Data Scientist
0.83,0.1,1.0,0.8,3,1,Data Scientist
0.67,0.4,1.0,0.5,1,1,Graphic Designer
0.65,0.6,0.4,0.8,2,0,Product Manager
0.65,0.8,0.7,0.6,0,1,Software Engineer
0.85,0.9,0.2,0.6,3,0,Graphic Designer
1.0,0.7,0.4,1.0,1,0,Graphic Designer
0.99,0.7,1.0,0.3,2,1,Product Manager
0.71,0.6,0.2,0.2,3,1,HR Manager
0.59,1.0,0.8,0.4,1,1,Graphic Designer
0.5,0.3,0.2,0.7,2,1,Product Manager
0.56,0.3,0.1,0.7,0,0,Software Engineer
0.58,0.9,0.9,0.7,3,1,Data Scientist
0.58,0.7,0.9,0.4,2,0,Business Analyst
0.71,1.0,1.0,1.0,0,0,Software Engineer
0.54,0.6,0.8,0.7,3,1,Data Scientist
0.68,0.8,0.3,0.3,0,0,Software Engineer
0.5,1.0,1.0,0.6,3,1,HR Manager
0.7,0.8,0.3,0.9,2,0,Data Scientist
0.69,0.8,0.6,0.1,3,1,Business Analyst
0.74,0.6,0.3,0.3,0,0,Graphic Designer
0.83,0.5,1.0,1.0,2,0,Business Analyst
0.72,0.5,0.3,0.2,2,1,Graphic Designer
0.78,0.4,0.3,0.5,2,0,Data Scientist
0.92,0.5,0.3,0.2,1,0,Graphic Designer
0.51,1.0,0.1,0.9,1,0,Graphic Designer
0.81,0.1,0.6,0.4,2,1,Product Manager
0.78,0.9,0.3,0.8,2,0,Product Manager
0.95,0.2,0.8,0.7,3,1,Data Scientist
0.55,0.3,0.5,0.2,2,0,Product Manager
1.0,0.4,0.2,0.6,1,1,Graphic Designer
0.67,0.8,0.9,0.2,2,0,Graphic Designer
0.56,0.9,0.6,0.4,0,0,Software Engineer
0.65,0.3,1.0,0.7,1,0,Graphic Designer
0.66,0.8,0.3,0.8,1,1,Graphic Designer
0.68,0.3,0.4,0.2,1,0,Graphic Designer
0.77,0.2,0.8,0.9,1,0,Graphic Designer
0.52,0.7,0.5,1.0,3,0,Data Scientist
0.9,0.6,0.8,0.9,1,1,Graphic Designer
0.64,0.5,0.8,0.8,3,1,Data Scientist
0.84,0.8,0.5,0.2,1,0,Graphic Designer
0.98,0.5,0.7,0.8,2,0,Business Analyst
0.92,0.7,0.2,0.3,3,1,Product Manager
0.57,0.6,0.7,0.3,3,1,HR Manager
0.76,0.4,0.1,0.5,2,0,Graphic Designer
0.53,0.9,0.6,0.5,2,1,Graphic Designer
0.78,0.7,0.7,0.5,0,1,Software Engineer
0.81,0.4,0.6,0.1,2,1,Graphic Designer
0.64,1.0,0.3,0.9,1,0,Graphic Designer
0.89,1.0,0.6,0.3,0,0,Software Engineer
0.74,0.2,0.6,0.6,0,0,HR Manager
0.63,0.6,0.9,0.4,1,1,Graphic Designer
0.95,0.4,0.5,0.3,2,1,Graphic Designer
0.63,0.9,0.4,0.1,0,0,Software Engineer
0.98,0.9,0.2,0.9,3,1,Data Scientist
0.52,0.3,0.5,0.5,0,0,Product Manager
0.99,0.4,0.1,0.5,0,1,Product Manager
0.75,0.3,0.5,0.2,0,0,HR Manager
0.96,0.7,0.1,0.1,1,0,Graphic Designer
0.97,1.0,0.7,0.4,2,1,Product Manager
0.77,0.9,0.1,0.5,2,1,Data Scientist
0.56,0.5,1.0,0.8,3,1,Data Scientist
0.77,0.2,0.4,0.7,2,1,Business Analyst
0.94,0.9,0.9,0.4,3,0,Graphic Designer
0.96,0.7,0.6,0.9,0,1,Software Engineer
